payment_id,created_at,amount_cents,currency,status,customer_email_hash,card_country,plan_name
pay_0000260,2024-07-01T09:47:27Z,4802,usd,succeeded,26539ae8,FR,Growth
pay_0000938,2024-07-01T10:47:15Z,4802,usd,succeeded,666349a7,US,Growth
pay_0000623,2024-07-02T07:55:25Z,10098,usd,succeeded,4111df24,ES,Scale
pay_0000422,2024-07-02T08:50:34Z,1938,usd,succeeded,95d97ccb,CA,Starter
pay_0000511,2024-07-02T10:03:35Z,4998,eur,succeeded,70a6fd63,CA,Growth
pay_0000186,2024-07-02T11:58:21Z,4998,eur,succeeded,67318bca,DE,Growth
pay_0000641,2024-07-02T12:04:44Z,1900,eur,succeeded,a708a6cf,AU,Starter
pay_0001036,2024-07-03T10:24:47Z,1900,usd,succeeded,758f0803,GB,Starter
pay_0000952,2024-07-04T11:16:09Z,129900,usd,succeeded,d060ef2b,US,Annual
pay_0000137,2024-07-05T09:58:56Z,4900,eur,succeeded,807517be,US,Growth
pay_0000107,2024-07-06T10:47:35Z,4998,gbp,succeeded,8e25f23a,US,Growth
pay_0000800,2024-07-06T12:11:30Z,4998,usd,succeeded,db9af6df,NL,Growth
pay_0000306,2024-07-07T11:10:30Z,4900,eur,succeeded,b2f0b458,FR,Growth
pay_0000321,2024-07-09T07:30:27Z,9702,aud,succeeded,95197699,NL,Scale
pay_0000679,2024-07-10T09:53:22Z,1938,eur,succeeded,add7ec89,DE,Starter
pay_0000551,2024-07-10T12:27:09Z,4998,usd,succeeded,d53bab87,US,Growth
pay_0000567,2024-07-11T10:30:54Z,1938,usd,succeeded,6d586853,ES,Starter
pay_0001014,2024-07-11T11:08:58Z,4998,usd,pending,2a9a5105,US,Growth
pay_0000424,2024-07-11T11:32:44Z,1900,gbp,succeeded,3c602b40,GB,Starter
pay_0000112,2024-07-11T12:10:56Z,1862,eur,succeeded,728039cb,GB,Starter
pay_0000636,2024-07-12T07:49:38Z,1862,usd,succeeded,91c303e8,US,Starter
pay_0000853,2024-07-12T09:12:18Z,4900,cad,succeeded,8d50c22d,US,Growth
pay_0000022,2024-07-13T08:13:09Z,1900,usd,succeeded,4d11c69e,ES,Starter
pay_0000532,2024-07-13T09:08:50Z,4900,usd,succeeded,fd9ee876,DE,Growth
pay_0000811,2024-07-13T09:40:25Z,4900,cad,succeeded,f75dd9e4,DE,Growth
pay_0000635,2024-07-14T11:02:10Z,4900,eur,failed,888d881f,ES,Growth
pay_0000197,2024-07-15T09:55:54Z,10098,eur,pending,8dcf1229,FR,Scale
pay_0000431,2024-07-15T12:25:15Z,1900,usd,succeeded,47d96dbe,NL,Starter
pay_0000180,2024-07-16T08:27:50Z,4900,eur,succeeded,234576ad,FR,Growth
pay_0000339,2024-07-16T10:48:10Z,4802,eur,succeeded,b9ea5b5d,ES,Growth
pay_0000201,2024-07-17T08:28:05Z,23084,cad,succeeded,8006fbb6,US,Enterprise
pay_0000105,2024-07-17T12:56:46Z,4802,eur,succeeded,1906e840,GB,Growth
pay_0000582,2024-07-18T07:36:27Z,9702,usd,succeeded,4f74abf5,US,Scale
pay_0000294,2024-07-18T10:52:17Z,4802,brl,pending,2001328d,DE,Growth
pay_0000489,2024-07-19T07:17:36Z,10098,usd,succeeded,d24fceff,DE,Scale
pay_0000985,2024-07-19T11:12:10Z,9702,brl,succeeded,322eec3b,CA,Scale
pay_0000521,2024-07-19T12:14:34Z,21492,usd,succeeded,f974c411,IN,Enterprise
pay_0000285,2024-07-20T08:05:12Z,9702,usd,pending,ea12d5b0,US,Scale
pay_0000457,2024-07-20T08:11:42Z,4998,usd,succeeded,a758ee4d,IN,Growth
pay_0000300,2024-07-20T08:13:23Z,9702,gbp,succeeded,5d9b504f,GB,Scale
pay_0000617,2024-07-20T11:45:03Z,10098,usd,succeeded,fa867c8b,GB,Scale
pay_0001026,2024-07-21T07:41:39Z,4900,eur,succeeded,b5fdfeb1,GB,Growth
pay_0000652,2024-07-21T10:18:13Z,1862,usd,succeeded,0a82162a,US,Starter
pay_0000515,2024-07-21T11:49:19Z,9702,gbp,succeeded,798e8792,CA,Scale
pay_0000404,2024-07-21T12:10:00Z,4900,usd,succeeded,b988f3e1,DE,Growth
pay_0000085,2024-07-21T12:46:21Z,1862,eur,succeeded,6e8ba46a,FR,Starter
pay_0000093,2024-07-22T08:05:55Z,9702,usd,succeeded,8e27ee70,US,Scale
pay_0000872,2024-07-22T11:27:05Z,4900,brl,succeeded,3ebd6de5,US,Growth
pay_0000749,2024-07-23T08:49:40Z,1900,usd,succeeded,942531ef,US,Starter
pay_0000379,2024-07-23T08:58:29Z,1862,usd,failed,e92ee489,US,Starter
pay_0000471,2024-07-23T09:14:27Z,1938,aud,succeeded,34102618,US,Starter
pay_0000925,2024-07-23T09:29:14Z,1938,usd,succeeded,74fcf0fb,ES,Starter
pay_0000174,2024-07-23T09:42:12Z,10098,usd,succeeded,669efb34,CA,Scale
pay_0000841,2024-07-23T10:17:41Z,127302,usd,succeeded,d13cd74a,US,Annual
pay_0000718,2024-07-23T12:52:34Z,4998,eur,succeeded,a045ddf6,US,Growth
pay_0000225,2024-07-25T07:14:22Z,4900,usd,succeeded,a37fe53f,US,Growth
pay_0000065,2024-07-25T08:47:40Z,4900,usd,succeeded,a59bc20f,DE,Growth
pay_0000057,2024-07-25T12:26:33Z,4998,gbp,succeeded,599a8e5a,GB,Growth
pay_0000266,2024-07-26T07:51:49Z,21492,usd,succeeded,70def641,DE,Enterprise
pay_0000730,2024-07-26T10:12:31Z,4802,usd,succeeded,9c1bb991,ES,Growth
pay_0000816,2024-07-26T10:43:19Z,4998,usd,succeeded,3880724b,FR,Growth
pay_0000968,2024-07-26T11:50:55Z,9900,usd,succeeded,239b88cf,US,Scale
pay_0000741,2024-07-26T12:21:15Z,1900,usd,succeeded,e945af2d,ES,Starter
pay_0000655,2024-07-27T09:20:50Z,19900,usd,succeeded,8d39f789,DE,Enterprise
pay_0000771,2024-07-27T10:24:45Z,1862,usd,succeeded,7795809e,US,Starter
pay_0000935,2024-07-27T10:38:06Z,1862,eur,succeeded,5085ea88,US,Starter
pay_0000835,2024-07-27T10:51:08Z,4802,usd,succeeded,f7da5da9,US,Growth
pay_0000757,2024-07-28T11:31:46Z,1900,eur,failed,319fd7d0,JP,Starter
pay_0000788,2024-07-29T09:08:37Z,1900,eur,failed,472a6920,US,Starter
pay_0000343,2024-07-29T09:10:50Z,10098,usd,succeeded,c3f25782,BR,Scale
pay_0000978,2024-07-29T10:21:04Z,10098,usd,failed,8714f82a,AU,Scale
pay_0000979,2024-07-29T10:43:04Z,10098,usd,succeeded,8714f82a,AU,Scale
pay_0000905,2024-07-29T11:52:01Z,1938,eur,succeeded,d6b71b98,US,Starter
pay_0000049,2024-07-30T10:03:57Z,10098,usd,succeeded,8b95fbac,DE,Scale
pay_0000246,2024-07-31T12:33:12Z,21492,eur,succeeded,713051cc,US,Enterprise
pay_0000236,2024-07-31T12:40:19Z,1900,usd,succeeded,0886ac44,DE,Starter
pay_0000490,2024-08-01T07:00:51Z,10098,usd,succeeded,d24fceff,DE,Scale
pay_0000939,2024-08-01T08:27:20Z,4998,usd,succeeded,666349a7,US,Growth
pay_0001037,2024-08-01T09:34:05Z,1900,usd,succeeded,758f0803,GB,Starter
pay_0000108,2024-08-01T10:47:45Z,4900,gbp,succeeded,8e25f23a,US,Growth
pay_0000238,2024-08-02T08:35:10Z,1900,usd,succeeded,bef30af3,IN,Starter
pay_0000389,2024-08-02T10:27:49Z,1938,usd,succeeded,a1338406,GB,Starter
pay_0000295,2024-08-02T10:51:33Z,4998,brl,succeeded,2001328d,DE,Growth
pay_0000516,2024-08-03T07:01:20Z,9900,gbp,succeeded,798e8792,CA,Scale
pay_0000175,2024-08-03T07:29:50Z,9702,usd,succeeded,669efb34,CA,Scale
pay_0000750,2024-08-03T10:35:53Z,1938,usd,succeeded,942531ef,US,Starter
pay_0000426,2024-08-04T07:24:52Z,9702,usd,succeeded,a7200659,DE,Scale
pay_0000892,2024-08-04T07:48:58Z,4900,aud,succeeded,77a4b2f9,US,Growth
pay_0000719,2024-08-04T07:49:21Z,4900,eur,pending,a045ddf6,US,Growth
pay_0001015,2024-08-04T08:14:18Z,4900,usd,succeeded,2a9a5105,US,Growth
pay_0000512,2024-08-04T08:47:27Z,4802,eur,succeeded,70a6fd63,CA,Growth
pay_0000332,2024-08-04T08:54:25Z,4802,usd,succeeded,3f20319f,US,Growth
pay_0000412,2024-08-04T08:58:13Z,4802,usd,failed,a4d715bf,NL,Growth
pay_0001021,2024-08-04T10:25:46Z,4998,usd,succeeded,19c0540b,ES,Growth
pay_0000694,2024-08-04T10:36:47Z,1900,usd,succeeded,3b40616e,US,Starter
pay_0000327,2024-08-04T11:23:11Z,9702,gbp,succeeded,1681bbfe,GB,Scale
pay_0000789,2024-08-05T07:28:39Z,127302,eur,succeeded,8719d539,US,Annual
pay_0000131,2024-08-05T09:48:54Z,4802,usd,succeeded,5189c51d,US,Growth
pay_0000441,2024-08-05T11:25:10Z,10098,usd,succeeded,18ee1b1d,FR,Scale
pay_0000963,2024-08-05T11:46:44Z,1900,brl,succeeded,97354e6e,BR,Starter
pay_0000801,2024-08-07T07:30:57Z,4802,usd,succeeded,db9af6df,NL,Growth
pay_0001007,2024-08-07T08:38:34Z,19900,usd,failed,3c8ba907,US,Enterprise
pay_0000642,2024-08-07T08:42:02Z,1938,eur,succeeded,a708a6cf,AU,Starter
pay_0000552,2024-08-07T08:57:08Z,4802,usd,succeeded,d53bab87,US,Growth
pay_0000451,2024-08-07T09:03:31Z,1862,usd,succeeded,d255fb7b,US,Starter
pay_0000624,2024-08-07T11:00:57Z,10098,usd,succeeded,4111df24,ES,Scale
pay_0000267,2024-08-07T11:17:24Z,19900,usd,succeeded,70def641,DE,Enterprise
pay_0000506,2024-08-08T08:22:11Z,1900,usd,succeeded,9c167865,US,Starter
pay_0000539,2024-08-08T10:17:20Z,4802,cad,succeeded,f0f7e655,US,Growth
pay_0000999,2024-08-08T10:43:49Z,1938,usd,succeeded,fb8836c1,ES,Starter
pay_0000943,2024-08-08T11:55:47Z,10098,eur,pending,c1d17906,US,Scale
pay_0000066,2024-08-08T12:12:59Z,4998,usd,succeeded,a59bc20f,DE,Growth
pay_0000673,2024-08-09T07:15:34Z,1900,usd,succeeded,2b200b2a,US,Starter
pay_0000780,2024-08-09T09:13:57Z,10098,eur,succeeded,e8b9bafd,BR,Scale
pay_0000991,2024-08-09T10:25:03Z,21492,eur,succeeded,5022717c,US,Enterprise
pay_0000906,2024-08-09T12:29:16Z,1900,eur,succeeded,d6b71b98,US,Starter
pay_0000812,2024-08-11T09:39:49Z,4900,cad,succeeded,f75dd9e4,DE,Growth
pay_0000934,2024-08-11T09:40:33Z,1938,usd,succeeded,da26e8e1,US,Starter
pay_0000533,2024-08-11T10:12:32Z,4998,usd,succeeded,fd9ee876,DE,Growth
pay_0000012,2024-08-11T11:33:53Z,1938,usd,succeeded,be3600fd,GB,Starter
pay_0000094,2024-08-12T07:09:21Z,9702,usd,pending,8e27ee70,US,Scale
pay_0000023,2024-08-12T09:17:20Z,1862,usd,succeeded,4d11c69e,ES,Starter
pay_0000340,2024-08-12T09:47:06Z,4802,eur,succeeded,b9ea5b5d,ES,Growth
pay_0000026,2024-08-12T09:49:29Z,1862,usd,succeeded,53ae41e1,ES,Starter
pay_0000380,2024-08-12T10:23:10Z,1862,usd,succeeded,e92ee489,US,Starter
pay_0000858,2024-08-12T10:50:03Z,4900,eur,succeeded,5d3446f8,IN,Growth
pay_0000469,2024-08-12T11:12:21Z,4900,usd,succeeded,87ec0b71,ES,Growth
pay_0000637,2024-08-12T12:16:52Z,1938,usd,succeeded,91c303e8,US,Starter
pay_0000301,2024-08-12T12:29:45Z,19900,eur,succeeded,d13515ee,GB,Enterprise
pay_0000202,2024-08-13T07:35:09Z,19900,cad,succeeded,8006fbb6,US,Enterprise
pay_0000758,2024-08-13T09:00:46Z,1938,eur,succeeded,319fd7d0,JP,Starter
pay_0000312,2024-08-13T10:44:44Z,4802,usd,succeeded,6fcb4b7a,CA,Growth
pay_0000247,2024-08-13T11:07:49Z,19900,eur,succeeded,713051cc,US,Enterprise
pay_0000583,2024-08-13T11:08:54Z,9702,usd,succeeded,4f74abf5,US,Scale
pay_0000680,2024-08-13T11:35:07Z,1938,eur,succeeded,add7ec89,DE,Starter
pay_0001040,2024-08-13T11:56:07Z,1938,brl,succeeded,dc9a89b2,CA,Starter
pay_0000113,2024-08-14T07:04:24Z,1900,eur,succeeded,728039cb,GB,Starter
pay_0000562,2024-08-14T07:41:27Z,1862,usd,succeeded,c5498802,BR,Starter
pay_0000653,2024-08-14T08:56:22Z,1862,usd,succeeded,0a82162a,US,Starter
pay_0000485,2024-08-14T10:05:17Z,4998,usd,succeeded,c992e5de,US,Growth
pay_0000417,2024-08-14T10:33:15Z,1862,usd,succeeded,b17f353a,US,Starter
pay_0000472,2024-08-14T10:41:22Z,1938,aud,succeeded,34102618,US,Starter
pay_0000618,2024-08-14T11:40:39Z,9702,usd,succeeded,fa867c8b,GB,Scale
pay_0000980,2024-08-14T11:54:58Z,10098,usd,succeeded,8714f82a,AU,Scale
pay_0000702,2024-08-14T12:56:34Z,1900,cad,succeeded,95387094,IN,Starter
pay_0000432,2024-08-15T07:20:07Z,1938,usd,succeeded,47d96dbe,NL,Starter
pay_0000685,2024-08-15T12:41:01Z,1938,eur,succeeded,541e2130,CA,Starter
pay_0000742,2024-08-16T08:51:03Z,1862,usd,succeeded,e945af2d,ES,Starter
pay_0000055,2024-08-17T11:17:27Z,1900,eur,failed,78bd3565,US,Starter
pay_0000772,2024-08-17T11:55:22Z,1938,usd,succeeded,7795809e,US,Starter
pay_0000082,2024-08-17T12:35:29Z,1938,eur,succeeded,aefcb87b,US,Starter
pay_0000879,2024-08-17T12:54:44Z,4900,eur,failed,5196342c,ES,Growth
pay_0000929,2024-08-18T08:04:09Z,1862,eur,succeeded,a7d0eb22,US,Starter
pay_0000307,2024-08-18T08:17:20Z,4998,eur,succeeded,b2f0b458,FR,Growth
pay_0000666,2024-08-18T09:13:46Z,4998,eur,succeeded,91d97596,IN,Growth
pay_0000220,2024-08-18T09:46:07Z,4802,usd,succeeded,812a30a0,US,Growth
pay_0000571,2024-08-18T11:53:41Z,1938,cad,succeeded,49acdde8,US,Starter
pay_0000528,2024-08-19T07:10:44Z,23084,usd,pending,8aae1197,AU,Enterprise
pay_0000953,2024-08-19T07:11:42Z,127302,usd,succeeded,d060ef2b,US,Annual
pay_0000836,2024-08-19T07:22:20Z,4998,usd,succeeded,f7da5da9,US,Growth
pay_0000926,2024-08-19T08:03:30Z,1862,usd,failed,74fcf0fb,ES,Starter
pay_0000969,2024-08-19T10:04:59Z,1900,usd,succeeded,b0130e30,US,Starter
pay_0000349,2024-08-19T10:56:07Z,9702,usd,succeeded,6c0137d3,US,Scale
pay_0000731,2024-08-19T11:18:53Z,4998,usd,succeeded,9c1bb991,ES,Growth
pay_0000124,2024-08-19T11:36:35Z,10098,eur,succeeded,ca9a8328,US,Scale
pay_0000155,2024-08-19T12:01:26Z,1938,brl,failed,ea1adf3a,GB,Starter
pay_0000522,2024-08-20T08:25:56Z,23084,usd,failed,f974c411,IN,Enterprise
pay_0000181,2024-08-20T10:42:13Z,4998,eur,succeeded,234576ad,FR,Growth
pay_0001027,2024-08-20T10:45:28Z,4998,eur,succeeded,b5fdfeb1,GB,Growth
pay_0000626,2024-08-20T10:52:56Z,9900,usd,succeeded,0357b1dd,NL,Scale
pay_0000574,2024-08-20T12:03:15Z,127302,usd,succeeded,94383941,ES,Annual
pay_0000477,2024-08-21T07:37:08Z,4900,gbp,succeeded,627fb304,ES,Growth
pay_0000423,2024-08-21T10:18:27Z,1900,usd,succeeded,95d97ccb,CA,Starter
pay_0000827,2024-08-21T12:11:04Z,4900,cad,succeeded,df0720c0,US,Growth
pay_0000058,2024-08-21T12:21:56Z,4998,gbp,succeeded,599a8e5a,GB,Growth
pay_0000884,2024-08-21T12:45:47Z,4998,usd,succeeded,4476eb67,GB,Growth
pay_0000859,2024-08-21T12:58:13Z,4900,aud,succeeded,44f4f1d1,IN,Growth
pay_0000138,2024-08-22T08:20:34Z,4802,eur,succeeded,807517be,US,Growth
pay_0000384,2024-08-22T09:02:45Z,4900,usd,succeeded,45c554a7,US,Growth
pay_0000948,2024-08-22T09:55:23Z,1900,usd,succeeded,6ccf4525,BR,Starter
pay_0000226,2024-08-22T10:14:52Z,4900,usd,succeeded,a37fe53f,US,Growth
pay_0000766,2024-08-22T11:36:30Z,10098,usd,succeeded,d8eed59c,US,Scale
pay_0000643,2024-08-23T10:06:05Z,1938,usd,succeeded,1aa26c6e,US,Starter
pay_0000286,2024-08-23T11:22:08Z,9702,usd,failed,ea12d5b0,US,Scale
pay_0000086,2024-08-23T11:42:47Z,1938,eur,succeeded,6e8ba46a,FR,Starter
pay_0000866,2024-08-24T10:33:36Z,9702,usd,succeeded,2f7a4f48,GB,Scale
pay_0000936,2024-08-24T12:15:14Z,1900,eur,succeeded,5085ea88,US,Starter
pay_0000832,2024-08-24T12:36:48Z,1900,gbp,pending,c1f67ba6,ES,Starter
pay_0000187,2024-08-25T08:21:16Z,4900,eur,pending,67318bca,DE,Growth
pay_0000237,2024-08-25T09:31:23Z,1938,usd,succeeded,0886ac44,DE,Starter
pay_0000612,2024-08-26T07:29:17Z,4900,eur,failed,b938a1fa,GB,Growth
pay_0000873,2024-08-26T11:09:57Z,4900,brl,failed,3ebd6de5,US,Growth
pay_0000794,2024-08-26T11:10:50Z,1938,eur,failed,65dc8c06,GB,Starter
pay_0000146,2024-08-27T07:55:38Z,23084,cad,succeeded,74fbd540,JP,Enterprise
pay_0000050,2024-08-27T11:08:19Z,10098,usd,succeeded,8b95fbac,DE,Scale
pay_0000405,2024-08-28T07:19:07Z,4802,usd,succeeded,b988f3e1,DE,Growth
pay_0000656,2024-08-28T08:04:07Z,19900,usd,failed,8d39f789,DE,Enterprise
pay_0000709,2024-08-28T09:21:35Z,1900,usd,succeeded,ddfea732,JP,Starter
pay_0000568,2024-08-28T10:54:29Z,1938,usd,succeeded,6d586853,ES,Starter
pay_0000214,2024-08-28T11:38:45Z,10098,usd,succeeded,77b5689a,GB,Scale
pay_0000898,2024-08-29T09:37:45Z,1900,usd,succeeded,c1ba45f2,US,Starter
pay_0000842,2024-08-29T10:54:24Z,132498,usd,succeeded,d13cd74a,US,Annual
pay_0000458,2024-08-29T11:17:25Z,4802,usd,succeeded,a758ee4d,IN,Growth
pay_0000833,2024-08-29T12:20:18Z,4998,eur,succeeded,d5aaead0,US,Growth
pay_0000817,2024-08-30T07:38:19Z,4998,usd,failed,3880724b,FR,Growth
pay_0000986,2024-08-30T07:59:41Z,10098,brl,succeeded,322eec3b,CA,Scale
pay_0000425,2024-08-30T08:07:47Z,1938,gbp,succeeded,3c602b40,GB,Starter
pay_0000261,2024-08-30T09:45:41Z,4900,usd,succeeded,26539ae8,FR,Growth
pay_0000198,2024-08-31T07:24:56Z,9702,eur,succeeded,8dcf1229,FR,Scale
pay_0000298,2024-08-31T07:28:34Z,9702,eur,succeeded,2b2d2514,US,Scale
pay_0000322,2024-08-31T07:42:45Z,10098,aud,succeeded,95197699,NL,Scale
pay_0000664,2024-08-31T07:44:56Z,1900,usd,succeeded,22fb0cb7,US,Starter
pay_0000900,2024-08-31T09:35:40Z,1938,usd,succeeded,30ae4143,US,Starter
pay_0000722,2024-08-31T09:57:51Z,23084,usd,succeeded,2d550717,ES,Enterprise
pay_0000344,2024-08-31T12:42:19Z,10098,usd,succeeded,c3f25782,BR,Scale
pay_0001038,2024-09-01T08:01:47Z,1938,usd,succeeded,758f0803,GB,Starter
pay_0000907,2024-09-01T08:52:53Z,1862,eur,failed,d6b71b98,US,Starter
pay_0000491,2024-09-01T08:54:03Z,9702,usd,failed,d24fceff,DE,Scale
pay_0000937,2024-09-01T09:12:56Z,1938,eur,succeeded,5085ea88,US,Starter
pay_0000908,2024-09-01T09:15:53Z,1862,eur,succeeded,d6b71b98,US,Starter
pay_0000299,2024-09-01T10:04:41Z,9900,eur,succeeded,2b2d2514,US,Scale
pay_0000287,2024-09-01T10:18:39Z,9900,usd,succeeded,ea12d5b0,US,Scale
pay_0000782,2024-09-02T09:39:12Z,1900,usd,succeeded,3db5a11a,AU,Starter
pay_0000143,2024-09-02T10:17:40Z,9900,gbp,succeeded,dfbbb059,ES,Scale
pay_0000964,2024-09-02T11:03:10Z,1938,brl,succeeded,97354e6e,BR,Starter
pay_0000164,2024-09-02T11:24:02Z,1862,usd,succeeded,bc3d3a0c,DE,Starter
pay_0000252,2024-09-03T08:17:33Z,129900,usd,succeeded,9ff11085,US,Annual
pay_0000359,2024-09-03T10:28:53Z,1862,usd,succeeded,19559f32,FR,Starter
pay_0000296,2024-09-03T11:06:28Z,4900,brl,succeeded,2001328d,DE,Growth
pay_0000732,2024-09-04T07:09:47Z,4998,usd,succeeded,9c1bb991,ES,Growth
pay_0000569,2024-09-04T08:42:47Z,1900,usd,failed,6d586853,ES,Starter
pay_0000277,2024-09-04T09:02:07Z,1862,brl,succeeded,97e848dd,CA,Starter
pay_0000032,2024-09-04T09:37:09Z,129900,cad,succeeded,b0a63162,US,Annual
pay_0001032,2024-09-04T11:05:01Z,1862,usd,succeeded,1b97e258,DE,Starter
pay_0000657,2024-09-04T11:09:10Z,19900,usd,pending,8d39f789,DE,Enterprise
pay_0000125,2024-09-04T11:42:17Z,9702,eur,succeeded,ca9a8328,US,Scale
pay_0000341,2024-09-04T11:43:51Z,4998,eur,succeeded,b9ea5b5d,ES,Growth
pay_0001041,2024-09-04T11:50:46Z,1938,brl,succeeded,dc9a89b2,CA,Starter
pay_0000954,2024-09-04T11:57:57Z,132498,usd,succeeded,d060ef2b,US,Annual
pay_0000413,2024-09-04T12:02:15Z,4900,usd,succeeded,a4d715bf,NL,Growth
pay_0000723,2024-09-05T07:04:50Z,23084,usd,succeeded,2d550717,ES,Enterprise
pay_0000638,2024-09-05T07:41:56Z,1900,usd,succeeded,91c303e8,US,Starter
pay_0000442,2024-09-05T07:55:11Z,10098,usd,succeeded,18ee1b1d,FR,Scale
pay_0000188,2024-09-06T09:29:08Z,4998,eur,succeeded,67318bca,DE,Growth
pay_0000406,2024-09-06T10:05:39Z,4998,usd,succeeded,b988f3e1,DE,Growth
pay_0000513,2024-09-06T10:16:44Z,4900,eur,succeeded,70a6fd63,CA,Growth
pay_0000940,2024-09-06T11:31:57Z,4998,usd,succeeded,666349a7,US,Growth
pay_0000013,2024-09-06T12:14:28Z,1862,usd,succeeded,be3600fd,GB,Starter
pay_0000802,2024-09-06T12:15:07Z,4802,usd,succeeded,db9af6df,NL,Growth
pay_0000354,2024-09-06T12:39:56Z,10098,eur,succeeded,5852f7d8,GB,Scale
pay_0000874,2024-09-06T12:57:36Z,4998,brl,succeeded,3ebd6de5,US,Growth
pay_0000303,2024-09-07T07:14:00Z,4900,eur,failed,4d56d0b1,US,Growth
pay_0000215,2024-09-07T07:22:44Z,9900,usd,succeeded,77b5689a,GB,Scale
pay_0000665,2024-09-07T10:32:43Z,1862,usd,succeeded,22fb0cb7,US,Starter
pay_0000864,2024-09-07T12:03:35Z,4802,usd,succeeded,091ee3a1,FR,Growth
pay_0000686,2024-09-07T12:55:52Z,1900,eur,succeeded,541e2130,CA,Starter
pay_0000427,2024-09-08T08:49:05Z,10098,usd,succeeded,a7200659,DE,Scale
pay_0000199,2024-09-08T10:09:50Z,9702,eur,succeeded,8dcf1229,FR,Scale
pay_0000619,2024-09-08T10:52:40Z,9900,usd,succeeded,fa867c8b,GB,Scale
pay_0000507,2024-09-08T12:33:37Z,1900,usd,succeeded,9c167865,US,Starter
pay_0000147,2024-09-09T07:39:24Z,21492,cad,succeeded,74fbd540,JP,Enterprise
pay_0000116,2024-09-09T10:04:38Z,4998,usd,succeeded,315da164,DE,Growth
pay_0000008,2024-09-10T07:46:22Z,10098,usd,succeeded,1331e71a,IN,Scale
pay_0000378,2024-09-10T07:59:51Z,4900,eur,succeeded,8f751930,FR,Growth
pay_0000949,2024-09-10T08:51:29Z,1862,usd,succeeded,6ccf4525,BR,Starter
pay_0000781,2024-09-10T10:54:00Z,9702,eur,succeeded,e8b9bafd,BR,Scale
pay_0000290,2024-09-10T11:09:52Z,1900,eur,succeeded,6c2eb3bb,US,Starter
pay_0000806,2024-09-10T11:46:13Z,4998,usd,succeeded,ea80633e,NL,Growth
pay_0000433,2024-09-11T07:20:36Z,1900,usd,succeeded,47d96dbe,NL,Starter
pay_0000695,2024-09-11T08:23:00Z,1938,usd,pending,3b40616e,US,Starter
pay_0000703,2024-09-11T08:35:19Z,1862,cad,succeeded,95387094,IN,Starter
pay_0000027,2024-09-11T09:14:25Z,1938,usd,succeeded,53ae41e1,ES,Starter
pay_0000596,2024-09-11T09:49:13Z,1862,eur,succeeded,754a8c32,FR,Starter
pay_0000482,2024-09-11T09:56:07Z,1900,usd,succeeded,dfb10f3d,US,Starter
pay_0000024,2024-09-11T10:39:15Z,1900,usd,succeeded,4d11c69e,ES,Starter
pay_0000720,2024-09-11T11:38:26Z,4900,eur,succeeded,a045ddf6,US,Growth
pay_0001000,2024-09-12T07:09:56Z,1938,usd,succeeded,fb8836c1,ES,Starter
pay_0000763,2024-09-12T08:10:05Z,4802,usd,pending,e2ab3c15,GB,Growth
pay_0000450,2024-09-12T08:43:44Z,4802,usd,succeeded,b1813170,IN,Growth
pay_0000452,2024-09-12T09:26:58Z,1900,usd,succeeded,d255fb7b,US,Starter
pay_0000059,2024-09-12T09:43:18Z,4998,gbp,succeeded,599a8e5a,GB,Growth
pay_0001008,2024-09-12T10:13:23Z,23084,usd,failed,3c8ba907,US,Enterprise
pay_0000291,2024-09-12T11:20:51Z,4802,usd,succeeded,c114bfaa,US,Growth
pay_0001022,2024-09-12T11:22:45Z,4900,usd,succeeded,19c0540b,ES,Growth
pay_0000970,2024-09-12T12:10:17Z,1862,usd,succeeded,b0130e30,US,Starter
pay_0000492,2024-09-12T12:11:21Z,4998,eur,succeeded,b7102860,US,Growth
pay_0000588,2024-09-12T12:20:37Z,1938,usd,succeeded,49c34f96,ES,Starter
pay_0000219,2024-09-12T12:49:53Z,4900,eur,succeeded,c1199cb9,NL,Growth
pay_0000540,2024-09-13T07:03:20Z,4998,cad,succeeded,f0f7e655,US,Growth
pay_0000705,2024-09-13T07:31:04Z,4998,usd,failed,76f32583,IN,Growth
pay_0000529,2024-09-13T07:34:45Z,19900,usd,succeeded,8aae1197,AU,Enterprise
pay_0000114,2024-09-13T09:29:27Z,1900,eur,succeeded,728039cb,GB,Starter
pay_0000160,2024-09-13T09:34:26Z,4802,gbp,failed,f3c931c5,CA,Growth
pay_0000981,2024-09-13T10:47:15Z,9900,usd,succeeded,8714f82a,AU,Scale
pay_0000795,2024-09-13T10:55:16Z,1900,eur,succeeded,65dc8c06,GB,Starter
pay_0000017,2024-09-13T12:16:11Z,4802,usd,succeeded,a4032ac4,JP,Growth
pay_0000496,2024-09-13T12:58:41Z,4900,usd,succeeded,d4fdbd79,CA,Growth
pay_0000313,2024-09-14T07:55:38Z,4900,usd,failed,6fcb4b7a,CA,Growth
pay_0000962,2024-09-14T08:47:22Z,4900,cad,succeeded,e6016b0d,US,Growth
pay_0000333,2024-09-14T10:22:07Z,4998,usd,succeeded,3f20319f,US,Growth
pay_0000308,2024-09-14T10:50:09Z,4998,eur,succeeded,b2f0b458,FR,Growth
pay_0000818,2024-09-14T12:40:09Z,4802,usd,succeeded,3880724b,FR,Growth
pay_0000074,2024-09-15T07:21:48Z,1862,gbp,succeeded,83ffab4d,GB,Starter
pay_0000631,2024-09-15T07:25:27Z,1938,usd,succeeded,5fef127e,US,Starter
pay_0000671,2024-09-15T08:35:43Z,4900,aud,succeeded,d639ff3b,BR,Growth
pay_0000268,2024-09-15T08:52:59Z,23084,usd,succeeded,70def641,DE,Enterprise
pay_0000961,2024-09-15T10:38:02Z,4900,eur,succeeded,f12d5d94,US,Growth
pay_0000690,2024-09-15T11:24:03Z,9702,usd,succeeded,c7a69bcf,US,Scale
pay_0000773,2024-09-15T11:46:06Z,1862,usd,succeeded,7795809e,US,Starter
pay_0000486,2024-09-15T12:20:24Z,4998,usd,succeeded,c992e5de,US,Growth
pay_0000363,2024-09-15T12:24:28Z,1900,usd,succeeded,b24a1d83,FR,Starter
pay_0000901,2024-09-15T12:52:33Z,1938,usd,succeeded,30ae4143,US,Starter
pay_0000323,2024-09-16T07:15:52Z,10098,aud,succeeded,95197699,NL,Scale
pay_0000270,2024-09-16T08:11:09Z,4900,usd,pending,a1f04502,US,Growth
pay_0000921,2024-09-16T08:44:29Z,23084,eur,succeeded,348bdcea,FR,Enterprise
pay_0000221,2024-09-16T08:51:00Z,4900,usd,succeeded,812a30a0,US,Growth
pay_0000227,2024-09-16T09:01:26Z,4998,usd,failed,a37fe53f,US,Growth
pay_0000262,2024-09-16T09:19:30Z,4802,usd,succeeded,26539ae8,FR,Growth
pay_0000885,2024-09-16T10:31:11Z,4802,usd,succeeded,4476eb67,GB,Growth
pay_0000867,2024-09-16T11:02:30Z,9702,usd,succeeded,2f7a4f48,GB,Scale
pay_0000368,2024-09-16T11:33:29Z,127302,eur,pending,f37fbef5,US,Annual
pay_0000710,2024-09-16T12:37:19Z,1900,usd,succeeded,ddfea732,JP,Starter
pay_0000974,2024-09-17T07:14:24Z,1938,usd,succeeded,09ccd989,GB,Starter
pay_0000912,2024-09-17T07:48:01Z,4900,eur,succeeded,2a9300f1,US,Growth
pay_0000182,2024-09-17T07:59:06Z,4802,eur,succeeded,234576ad,FR,Growth
pay_0000390,2024-09-17T08:57:55Z,1900,usd,succeeded,a1338406,GB,Starter
pay_0000350,2024-09-17T09:32:48Z,9702,usd,succeeded,6c0137d3,US,Scale
pay_0000210,2024-09-17T09:40:29Z,4998,eur,failed,ae6bc9ab,US,Growth
pay_0000575,2024-09-17T11:55:16Z,132498,usd,succeeded,94383941,ES,Annual
pay_0000402,2024-09-17T12:11:10Z,129900,usd,succeeded,8732f622,AU,Annual
pay_0001016,2024-09-18T08:18:25Z,4900,usd,failed,2a9a5105,US,Growth
pay_0000381,2024-09-18T08:34:00Z,1862,usd,succeeded,e92ee489,US,Starter
pay_0000109,2024-09-18T09:14:56Z,4900,gbp,succeeded,8e25f23a,US,Growth
pay_0000051,2024-09-18T09:53:49Z,9900,usd,succeeded,8b95fbac,DE,Scale
pay_0000139,2024-09-18T10:36:42Z,4802,eur,succeeded,807517be,US,Growth
pay_0000478,2024-09-18T11:13:33Z,4802,gbp,succeeded,627fb304,ES,Growth
pay_0000156,2024-09-18T11:51:30Z,1862,brl,failed,ea1adf3a,GB,Starter
pay_0000843,2024-09-18T12:04:59Z,127302,usd,succeeded,d13cd74a,US,Annual
pay_0000995,2024-09-19T08:17:10Z,4998,eur,succeeded,d4a865d3,NL,Growth
pay_0000170,2024-09-19T08:36:42Z,127302,cad,succeeded,ce24f96f,US,Annual
pay_0000899,2024-09-19T12:16:07Z,1900,usd,succeeded,c1ba45f2,US,Starter
pay_0000604,2024-09-20T07:21:59Z,4998,usd,succeeded,7cf0c700,NL,Growth
pay_0000231,2024-09-20T09:01:43Z,4998,eur,failed,b195481e,GB,Growth
pay_0000328,2024-09-20T09:09:13Z,9702,gbp,succeeded,1681bbfe,GB,Scale
pay_0000232,2024-09-20T09:14:43Z,4998,eur,succeeded,b195481e,GB,Growth
pay_0000083,2024-09-20T09:20:08Z,1862,eur,succeeded,aefcb87b,US,Starter
pay_0000993,2024-09-20T11:03:54Z,1938,cad,pending,2c998582,AU,Starter
pay_0000517,2024-09-21T09:21:51Z,9900,gbp,pending,798e8792,CA,Scale
pay_0000681,2024-09-21T11:06:13Z,1862,eur,succeeded,add7ec89,DE,Starter
pay_0000281,2024-09-21T12:00:11Z,19900,usd,failed,43cca109,US,Enterprise
pay_0000248,2024-09-21T12:32:43Z,19900,eur,succeeded,713051cc,US,Enterprise
pay_0000834,2024-09-22T07:31:16Z,4802,eur,succeeded,d5aaead0,US,Growth
pay_0000541,2024-09-22T07:39:41Z,1938,usd,succeeded,66a1a0dc,GB,Starter
pay_0000654,2024-09-22T08:30:05Z,1900,usd,succeeded,0a82162a,US,Starter
pay_0000627,2024-09-22T11:19:16Z,10098,usd,succeeded,0357b1dd,NL,Scale
pay_0000315,2024-09-22T11:42:43Z,4900,usd,succeeded,b119260b,ES,Growth
pay_0000751,2024-09-22T12:30:01Z,1938,usd,succeeded,942531ef,US,Starter
pay_0000078,2024-09-22T12:47:53Z,1938,usd,succeeded,2c6431d4,ES,Starter
pay_0000823,2024-09-23T07:12:08Z,1900,usd,failed,49c6fbd9,GB,Starter
pay_0000151,2024-09-23T07:26:32Z,4802,usd,succeeded,ce7526cb,US,Growth
pay_0000473,2024-09-23T08:00:17Z,1900,aud,pending,34102618,US,Starter
pay_0000558,2024-09-23T08:43:30Z,4998,gbp,succeeded,c34a5385,JP,Growth
pay_0000813,2024-09-23T09:15:44Z,4900,cad,succeeded,f75dd9e4,DE,Growth
pay_0000102,2024-09-23T09:23:56Z,1900,usd,succeeded,705a51d6,DE,Starter
pay_0000625,2024-09-23T09:28:27Z,10098,usd,succeeded,4111df24,ES,Scale
pay_0000828,2024-09-23T09:42:11Z,4998,cad,succeeded,df0720c0,US,Growth
pay_0000767,2024-09-23T10:33:43Z,9702,usd,succeeded,d8eed59c,US,Scale
pay_0000608,2024-09-23T10:39:01Z,1938,aud,succeeded,de86cd19,ES,Starter
pay_0000534,2024-09-23T10:44:56Z,4802,usd,succeeded,fd9ee876,DE,Growth
pay_0000067,2024-09-23T11:03:53Z,4900,usd,succeeded,a59bc20f,DE,Growth
pay_0000837,2024-09-23T11:37:00Z,4998,usd,succeeded,f7da5da9,US,Growth
pay_0000944,2024-09-23T11:56:36Z,10098,eur,succeeded,c1d17906,US,Scale
pay_0000553,2024-09-23T12:21:09Z,4900,usd,succeeded,d53bab87,US,Growth
pay_0000584,2024-09-24T07:23:50Z,9900,usd,succeeded,4f74abf5,US,Scale
pay_0000667,2024-09-24T08:59:52Z,4802,eur,succeeded,91d97596,IN,Growth
pay_0000385,2024-09-24T10:04:49Z,4802,usd,succeeded,45c554a7,US,Growth
pay_0000743,2024-09-24T11:28:32Z,1862,usd,succeeded,e945af2d,ES,Starter
pay_0000459,2024-09-24T12:13:20Z,4998,usd,succeeded,a758ee4d,IN,Growth
pay_0000193,2024-09-24T12:37:20Z,1900,usd,succeeded,6b9f9f50,JP,Starter
pay_0000860,2024-09-24T12:41:00Z,4998,aud,succeeded,44f4f1d1,IN,Growth
pay_0000502,2024-09-24T12:41:46Z,1938,usd,succeeded,aeef3eac,US,Starter
pay_0000987,2024-09-25T07:20:41Z,9702,brl,succeeded,322eec3b,CA,Scale
pay_0000644,2024-09-25T09:56:38Z,1900,usd,succeeded,1aa26c6e,US,Starter
pay_0000056,2024-09-25T10:00:55Z,1938,eur,succeeded,78bd3565,US,Starter
pay_0000042,2024-09-26T07:19:30Z,1938,eur,succeeded,431eab21,FR,Starter
pay_0000203,2024-09-26T08:14:03Z,21492,cad,succeeded,8006fbb6,US,Enterprise
pay_0000001,2024-09-26T08:39:47Z,4900,eur,succeeded,1ca6af20,DE,Growth
pay_0000470,2024-09-26T08:58:49Z,4900,usd,succeeded,87ec0b71,ES,Growth
pay_0000880,2024-09-26T11:09:13Z,4802,eur,succeeded,5196342c,ES,Growth
pay_0000563,2024-09-26T12:10:33Z,1900,usd,succeeded,c5498802,BR,Starter
pay_0000613,2024-09-26T12:52:16Z,4998,eur,succeeded,b938a1fa,GB,Growth
pay_0000523,2024-09-27T07:17:10Z,23084,usd,succeeded,f974c411,IN,Enterprise
pay_0000239,2024-09-27T08:21:12Z,1862,usd,succeeded,bef30af3,IN,Starter
pay_0000548,2024-09-27T11:23:34Z,1862,eur,pending,30a9dae6,US,Starter
pay_0000592,2024-09-27T12:07:39Z,9900,usd,succeeded,b447e4d8,US,Scale
pay_0000893,2024-09-27T12:20:21Z,4900,aud,succeeded,77a4b2f9,US,Growth
pay_0000345,2024-09-27T12:34:08Z,9702,usd,succeeded,c3f25782,BR,Scale
pay_0000790,2024-09-27T12:37:30Z,127302,eur,succeeded,8719d539,US,Annual
pay_0000087,2024-09-28T08:04:54Z,1862,eur,succeeded,6e8ba46a,FR,Starter
pay_0000930,2024-09-28T08:55:51Z,1938,eur,succeeded,a7d0eb22,US,Starter
pay_0000095,2024-09-28T08:56:27Z,9900,usd,succeeded,8e27ee70,US,Scale
pay_0000645,2024-09-28T09:19:19Z,4802,eur,succeeded,696e890d,FR,Growth
pay_0001018,2024-09-28T11:44:40Z,10098,gbp,succeeded,d872797a,US,Scale
pay_0001028,2024-09-28T12:12:51Z,4998,eur,succeeded,b5fdfeb1,GB,Growth
pay_0000302,2024-09-29T12:35:09Z,21492,eur,succeeded,d13515ee,GB,Enterprise
pay_0000418,2024-09-30T07:22:35Z,1900,usd,succeeded,b17f353a,US,Starter
pay_0000036,2024-09-30T09:28:20Z,4802,usd,succeeded,d846dcb3,NL,Growth
pay_0000674,2024-09-30T10:06:39Z,1900,usd,succeeded,2b200b2a,US,Starter
pay_0000542,2024-09-30T10:18:09Z,4802,usd,succeeded,a14efa9b,US,Growth
pay_0000572,2024-09-30T11:26:12Z,1938,cad,succeeded,49acdde8,US,Starter
pay_0000176,2024-09-30T11:48:08Z,9900,usd,succeeded,669efb34,CA,Scale
pay_0000318,2024-09-30T11:49:57Z,4900,eur,succeeded,33837080,ES,Growth
pay_0000374,2024-09-30T11:50:26Z,10098,gbp,succeeded,7eeff9b7,US,Scale
pay_0000894,2024-10-01T07:40:51Z,4900,aud,succeeded,77a4b2f9,US,Growth
pay_0000909,2024-10-01T07:43:57Z,1938,eur,succeeded,d6b71b98,US,Starter
pay_0000316,2024-10-01T09:28:47Z,4998,usd,succeeded,b119260b,ES,Growth
pay_0000319,2024-10-01T10:56:07Z,4900,eur,succeeded,33837080,ES,Growth
pay_0001001,2024-10-01T12:16:08Z,1900,usd,succeeded,fb8836c1,ES,Starter
pay_0000814,2024-10-01T12:29:19Z,4998,cad,succeeded,f75dd9e4,DE,Growth
pay_0000460,2024-10-02T07:34:57Z,4802,usd,succeeded,a758ee4d,IN,Growth
pay_0000922,2024-10-02T11:36:50Z,23084,eur,succeeded,348bdcea,FR,Enterprise
pay_0000807,2024-10-02T12:17:41Z,4900,usd,failed,ea80633e,NL,Growth
pay_0000126,2024-10-03T07:21:33Z,9900,eur,succeeded,ca9a8328,US,Scale
pay_0000886,2024-10-03T07:51:59Z,4900,usd,succeeded,4476eb67,GB,Growth
pay_0000687,2024-10-03T08:06:18Z,1900,eur,succeeded,541e2130,CA,Starter
pay_0000609,2024-10-03T09:16:23Z,1862,aud,succeeded,de86cd19,ES,Starter
pay_0000591,2024-10-03T09:18:09Z,4900,gbp,succeeded,4eae0131,GB,Growth
pay_0000958,2024-10-03T09:27:54Z,9702,eur,succeeded,99aa8e1a,DE,Scale
pay_0000025,2024-10-03T09:40:40Z,1900,usd,succeeded,4d11c69e,ES,Starter
pay_0000982,2024-10-03T09:41:51Z,9702,usd,succeeded,8714f82a,AU,Scale
pay_0000632,2024-10-03T10:08:39Z,1862,usd,succeeded,5fef127e,US,Starter
pay_0000324,2024-10-03T11:31:32Z,10098,aud,succeeded,95197699,NL,Scale
pay_0000543,2024-10-03T12:39:05Z,4802,usd,succeeded,a14efa9b,US,Growth
pay_0000071,2024-10-04T07:52:53Z,9900,usd,succeeded,388494ae,DE,Scale
pay_0000576,2024-10-04T10:12:14Z,1900,usd,succeeded,17d8ec7e,ES,Starter
pay_0000456,2024-10-04T11:49:24Z,1862,usd,succeeded,91e4e76a,GB,Starter
pay_0000292,2024-10-04T12:03:58Z,4802,usd,failed,c114bfaa,US,Growth
pay_0000293,2024-10-04T12:12:58Z,4802,usd,succeeded,c114bfaa,US,Growth
pay_0000752,2024-10-05T07:10:02Z,1938,usd,succeeded,942531ef,US,Starter
pay_0000803,2024-10-05T07:29:30Z,4900,usd,failed,db9af6df,NL,Growth
pay_0000579,2024-10-05T08:15:49Z,1938,cad,failed,4077621f,US,Starter
pay_0000850,2024-10-05T08:38:11Z,4998,usd,succeeded,d0aa46b4,US,Growth
pay_0000597,2024-10-05T10:17:24Z,1900,eur,succeeded,754a8c32,FR,Starter
pay_0000975,2024-10-05T11:41:01Z,1900,usd,succeeded,09ccd989,GB,Starter
pay_0000747,2024-10-05T12:35:58Z,1862,usd,succeeded,2c9f33b4,AU,Starter
pay_0000768,2024-10-06T08:38:13Z,9900,usd,pending,d8eed59c,US,Scale
pay_0000297,2024-10-06T08:49:36Z,4802,brl,succeeded,2001328d,DE,Growth
pay_0000253,2024-10-06T08:50:12Z,127302,usd,succeeded,9ff11085,US,Annual
pay_0000110,2024-10-06T09:48:20Z,4900,gbp,pending,8e25f23a,US,Growth
pay_0000819,2024-10-06T09:56:21Z,4900,usd,succeeded,3880724b,FR,Growth
pay_0000282,2024-10-06T09:59:26Z,21492,usd,succeeded,43cca109,US,Enterprise
pay_0000955,2024-10-06T10:01:57Z,132498,usd,succeeded,d060ef2b,US,Annual
pay_0001033,2024-10-06T10:46:12Z,1938,usd,succeeded,1b97e258,DE,Starter
pay_0000161,2024-10-06T11:31:40Z,4802,gbp,succeeded,f3c931c5,CA,Growth
pay_0000585,2024-10-06T12:14:11Z,9702,usd,succeeded,4f74abf5,US,Scale
pay_0000855,2024-10-06T12:16:18Z,1900,usd,succeeded,383044ef,US,Starter
pay_0000356,2024-10-07T07:03:50Z,9702,usd,failed,f2b91431,US,Scale
pay_0000559,2024-10-07T07:35:22Z,4802,gbp,succeeded,c34a5385,JP,Growth
pay_0000386,2024-10-07T09:25:05Z,4900,usd,succeeded,45c554a7,US,Growth
pay_0000941,2024-10-07T10:45:00Z,4802,usd,succeeded,666349a7,US,Growth
pay_0000503,2024-10-07T12:21:31Z,1938,usd,succeeded,aeef3eac,US,Starter
pay_0000278,2024-10-08T07:58:37Z,1938,brl,succeeded,97e848dd,CA,Starter
pay_0000950,2024-10-08T08:05:57Z,1862,usd,succeeded,6ccf4525,BR,Starter
pay_0000824,2024-10-08T08:16:21Z,1900,usd,failed,49c6fbd9,GB,Starter
pay_0000249,2024-10-08T09:30:23Z,23084,eur,succeeded,713051cc,US,Enterprise
pay_0000759,2024-10-08T10:32:17Z,23084,jpy,succeeded,112a695b,US,Enterprise
pay_0001042,2024-10-08T11:57:39Z,1900,brl,succeeded,dc9a89b2,CA,Starter
pay_0000084,2024-10-08T12:51:14Z,1938,eur,succeeded,aefcb87b,US,Starter
pay_0000917,2024-10-09T07:44:42Z,129900,usd,succeeded,2c663877,AU,Annual
pay_0000706,2024-10-09T07:54:41Z,4900,usd,succeeded,76f32583,IN,Growth
pay_0000649,2024-10-09T08:05:58Z,4900,usd,succeeded,749a7b94,NL,Growth
pay_0000861,2024-10-09T08:37:45Z,4802,aud,succeeded,44f4f1d1,IN,Growth
pay_0000342,2024-10-09T12:26:18Z,4900,eur,succeeded,b9ea5b5d,ES,Growth
pay_0000965,2024-10-10T08:54:24Z,1900,brl,succeeded,97354e6e,BR,Starter
pay_0000269,2024-10-10T09:04:45Z,23084,usd,succeeded,70def641,DE,Enterprise
pay_0000177,2024-10-10T09:57:38Z,9702,usd,succeeded,669efb34,CA,Scale
pay_0000436,2024-10-10T11:27:15Z,1900,usd,pending,38f4015f,US,Starter
pay_0000971,2024-10-10T11:42:06Z,1900,usd,succeeded,b0130e30,US,Starter
pay_0000428,2024-10-10T11:44:40Z,10098,usd,succeeded,a7200659,DE,Scale
pay_0000271,2024-10-11T08:52:00Z,4998,usd,succeeded,a1f04502,US,Growth
pay_0000628,2024-10-11T10:34:35Z,9702,usd,succeeded,0357b1dd,NL,Scale
pay_0000499,2024-10-11T11:14:48Z,4900,usd,succeeded,c0c0516b,FR,Growth
pay_0000691,2024-10-11T12:59:03Z,9702,usd,succeeded,c7a69bcf,US,Scale
pay_0000661,2024-10-12T07:34:40Z,4998,usd,succeeded,33802c30,ES,Growth
pay_0000696,2024-10-12T07:59:01Z,1938,usd,succeeded,3b40616e,US,Starter
pay_0000079,2024-10-12T08:10:59Z,1862,usd,succeeded,2c6431d4,ES,Starter
pay_0001004,2024-10-12T08:15:33Z,4998,eur,succeeded,97f9d866,FR,Growth
pay_0000646,2024-10-12T09:27:15Z,4900,eur,succeeded,696e890d,FR,Growth
pay_0000601,2024-10-12T09:27:36Z,10098,eur,succeeded,2c845594,ES,Scale
pay_0000171,2024-10-12T09:42:05Z,129900,cad,failed,ce24f96f,US,Annual
pay_0000304,2024-10-12T10:46:48Z,4998,eur,succeeded,4d56d0b1,US,Growth
pay_0000479,2024-10-13T09:59:31Z,4900,gbp,succeeded,627fb304,ES,Growth
pay_0000902,2024-10-13T10:20:57Z,1938,usd,succeeded,30ae4143,US,Starter
pay_0000043,2024-10-13T11:39:15Z,9702,gbp,succeeded,b3857a46,FR,Scale
pay_0000699,2024-10-13T11:46:39Z,127302,eur,succeeded,8a0c7e0d,US,Annual
pay_0001023,2024-10-13T12:33:38Z,4998,usd,succeeded,19c0540b,ES,Growth
pay_0000240,2024-10-13T12:36:43Z,1900,usd,succeeded,bef30af3,IN,Starter
pay_0000115,2024-10-14T07:08:36Z,1900,eur,succeeded,728039cb,GB,Starter
pay_0000144,2024-10-14T07:16:49Z,9900,gbp,succeeded,dfbbb059,ES,Scale
pay_0000777,2024-10-14T08:20:10Z,1900,gbp,succeeded,ce86e4c4,US,Starter
pay_0000744,2024-10-14T08:28:58Z,1862,usd,succeeded,e945af2d,ES,Starter
pay_0000096,2024-10-14T09:33:23Z,10098,usd,succeeded,8e27ee70,US,Scale
pay_0000682,2024-10-14T09:44:04Z,1900,eur,pending,add7ec89,DE,Starter
pay_0000194,2024-10-14T10:42:12Z,1938,usd,succeeded,6b9f9f50,JP,Starter
pay_0000167,2024-10-14T11:02:26Z,1938,aud,succeeded,fb83218e,FR,Starter
pay_0000060,2024-10-14T11:05:37Z,4802,gbp,succeeded,599a8e5a,GB,Growth
pay_0000829,2024-10-14T12:26:07Z,4900,cad,succeeded,df0720c0,US,Growth
pay_0000068,2024-10-15T07:47:24Z,4900,usd,failed,a59bc20f,DE,Growth
pay_0000573,2024-10-15T07:54:01Z,1938,cad,succeeded,49acdde8,US,Starter
pay_0000564,2024-10-15T08:02:09Z,1900,usd,succeeded,c5498802,BR,Starter
pay_0000474,2024-10-15T09:16:32Z,1938,aud,succeeded,34102618,US,Starter
pay_0000288,2024-10-16T07:13:13Z,9900,usd,succeeded,ea12d5b0,US,Scale
pay_0000483,2024-10-16T08:07:29Z,1938,usd,succeeded,dfb10f3d,US,Starter
pay_0000257,2024-10-16T09:16:42Z,1900,usd,succeeded,b1e26887,DE,Starter
pay_0000774,2024-10-16T09:25:17Z,1900,usd,succeeded,7795809e,US,Starter
pay_0000791,2024-10-16T10:49:55Z,127302,eur,succeeded,8719d539,US,Annual
pay_0000493,2024-10-17T07:29:12Z,4998,eur,succeeded,b7102860,US,Growth
pay_0000593,2024-10-17T07:50:45Z,10098,usd,succeeded,b447e4d8,US,Scale
pay_0000407,2024-10-17T08:40:02Z,4802,usd,succeeded,b988f3e1,DE,Growth
pay_0000009,2024-10-17T08:48:13Z,10098,usd,succeeded,1331e71a,IN,Scale
pay_0000434,2024-10-17T08:56:33Z,1862,usd,succeeded,47d96dbe,NL,Starter
pay_0000868,2024-10-17T09:51:01Z,9702,usd,succeeded,9e471533,NL,Scale
pay_0000419,2024-10-18T07:26:05Z,1938,usd,succeeded,b17f353a,US,Starter
pay_0000375,2024-10-18T08:10:53Z,9702,gbp,succeeded,7eeff9b7,US,Scale
pay_0000364,2024-10-18T10:35:57Z,1900,usd,succeeded,b24a1d83,FR,Starter
pay_0000514,2024-10-18T10:44:27Z,4998,eur,succeeded,70a6fd63,CA,Growth
pay_0000336,2024-10-18T11:06:51Z,4998,usd,succeeded,f7a488a4,JP,Growth
pay_0000589,2024-10-18T11:36:16Z,1938,usd,succeeded,49c34f96,ES,Starter
pay_0000148,2024-10-18T12:06:53Z,19900,cad,succeeded,74fbd540,JP,Enterprise
pay_0001017,2024-10-19T07:04:13Z,4802,usd,succeeded,2a9a5105,US,Growth
pay_0000211,2024-10-19T07:22:24Z,4900,eur,succeeded,ae6bc9ab,US,Growth
pay_0000014,2024-10-19T07:30:43Z,1938,usd,succeeded,be3600fd,GB,Starter
pay_0000549,2024-10-19T11:08:32Z,1862,eur,succeeded,30a9dae6,US,Starter
pay_0000243,2024-10-19T11:43:34Z,1862,usd,succeeded,85dbc5a2,ES,Starter
pay_0000838,2024-10-19T11:43:50Z,4998,usd,succeeded,f7da5da9,US,Growth
pay_0000360,2024-10-19T11:44:39Z,1938,usd,succeeded,19559f32,FR,Starter
pay_0000018,2024-10-19T11:46:28Z,4802,usd,succeeded,a4032ac4,JP,Growth
pay_0000183,2024-10-20T09:42:30Z,4802,eur,succeeded,234576ad,FR,Growth
pay_0000945,2024-10-20T10:02:53Z,10098,eur,succeeded,c1d17906,US,Scale
pay_0000466,2024-10-20T10:07:56Z,10098,cad,failed,5bddd7ae,NL,Scale
pay_0000518,2024-10-20T10:19:21Z,10098,gbp,succeeded,798e8792,CA,Scale
pay_0000570,2024-10-20T10:55:07Z,1862,usd,failed,6d586853,ES,Starter
pay_0000391,2024-10-20T11:07:10Z,1938,usd,succeeded,a1338406,GB,Starter
pay_0000724,2024-10-21T08:07:49Z,21492,usd,succeeded,2d550717,ES,Enterprise
pay_0000733,2024-10-21T08:32:03Z,4998,usd,succeeded,9c1bb991,ES,Growth
pay_0000033,2024-10-21T10:44:09Z,127302,cad,failed,b0a63162,US,Annual
pay_0000216,2024-10-21T11:17:27Z,10098,usd,succeeded,77b5689a,GB,Scale
pay_0000314,2024-10-21T11:57:43Z,4802,usd,succeeded,6fcb4b7a,CA,Growth
pay_0000052,2024-10-22T07:01:39Z,9900,usd,succeeded,8b95fbac,DE,Scale
pay_0000994,2024-10-22T08:37:23Z,1862,cad,succeeded,2c998582,AU,Starter
pay_0000132,2024-10-22T08:55:29Z,9702,eur,succeeded,8d528e64,US,Scale
pay_0001029,2024-10-22T10:33:29Z,4998,eur,succeeded,b5fdfeb1,GB,Growth
pay_0000620,2024-10-22T10:42:41Z,10098,usd,succeeded,fa867c8b,GB,Scale
pay_0000931,2024-10-22T11:57:38Z,1900,eur,succeeded,a7d0eb22,US,Starter
pay_0000487,2024-10-23T07:55:31Z,4802,usd,succeeded,c992e5de,US,Growth
pay_0001009,2024-10-23T08:07:41Z,19900,usd,succeeded,3c8ba907,US,Enterprise
pay_0000351,2024-10-23T08:53:09Z,9702,usd,succeeded,6c0137d3,US,Scale
pay_0000875,2024-10-23T10:08:35Z,4900,brl,failed,3ebd6de5,US,Growth
pay_0000996,2024-10-23T10:10:32Z,4802,eur,succeeded,d4a865d3,NL,Growth
pay_0000876,2024-10-23T10:33:35Z,4900,brl,succeeded,3ebd6de5,US,Growth
pay_0000002,2024-10-23T11:26:13Z,4802,eur,succeeded,1ca6af20,DE,Growth
pay_0000121,2024-10-23T12:07:34Z,1938,usd,succeeded,159abe5f,FR,Starter
pay_0000382,2024-10-24T08:06:50Z,1938,usd,succeeded,e92ee489,US,Starter
pay_0000527,2024-10-24T08:16:41Z,1900,usd,pending,8c614638,DE,Starter
pay_0000204,2024-10-24T08:27:45Z,19900,cad,succeeded,8006fbb6,US,Enterprise
pay_0000783,2024-10-24T09:44:32Z,1938,usd,failed,3db5a11a,AU,Starter
pay_0000222,2024-10-24T09:53:41Z,4802,usd,failed,812a30a0,US,Growth
pay_0000075,2024-10-24T11:44:26Z,1862,gbp,succeeded,83ffab4d,GB,Starter
pay_0000727,2024-10-24T12:10:40Z,9702,usd,failed,2f083bb8,AU,Scale
pay_0000658,2024-10-24T12:18:12Z,21492,usd,failed,8d39f789,DE,Enterprise
pay_0000988,2024-10-24T12:28:26Z,9900,brl,succeeded,322eec3b,CA,Scale
pay_0000200,2024-10-25T08:59:15Z,9900,eur,succeeded,8dcf1229,FR,Scale
pay_0000704,2024-10-25T09:40:51Z,1938,cad,succeeded,95387094,IN,Starter
pay_0000711,2024-10-25T10:37:01Z,1862,usd,succeeded,ddfea732,JP,Starter
pay_0000554,2024-10-25T11:49:48Z,4998,usd,succeeded,d53bab87,US,Growth
pay_0000263,2024-10-26T07:54:32Z,4802,usd,succeeded,26539ae8,FR,Growth
pay_0000508,2024-10-26T08:56:37Z,1862,usd,succeeded,9c167865,US,Starter
pay_0000397,2024-10-26T09:30:39Z,9900,gbp,succeeded,18009a6c,US,Scale
pay_0000721,2024-10-26T10:16:01Z,4998,eur,succeeded,a045ddf6,US,Growth
pay_0000346,2024-10-26T10:33:39Z,10098,usd,pending,c3f25782,BR,Scale
pay_0000865,2024-10-26T10:59:59Z,4802,usd,failed,091ee3a1,FR,Growth
pay_0000530,2024-10-26T12:31:41Z,23084,usd,succeeded,8aae1197,AU,Enterprise
pay_0000605,2024-10-27T07:06:35Z,4900,usd,failed,7cf0c700,NL,Growth
pay_0000369,2024-10-27T07:17:38Z,129900,eur,succeeded,f37fbef5,US,Annual
pay_0000881,2024-10-27T07:40:29Z,4998,eur,failed,5196342c,ES,Growth
pay_0000309,2024-10-27T07:47:51Z,4900,eur,succeeded,b2f0b458,FR,Growth
pay_0000614,2024-10-27T08:16:57Z,4998,eur,succeeded,b938a1fa,GB,Growth
pay_0000355,2024-10-27T08:24:27Z,10098,eur,succeeded,5852f7d8,GB,Scale
pay_0000189,2024-10-27T09:02:39Z,4900,eur,succeeded,67318bca,DE,Growth
pay_0000157,2024-10-27T09:09:22Z,1862,brl,succeeded,ea1adf3a,GB,Starter
pay_0000037,2024-10-27T10:18:49Z,4900,usd,succeeded,d846dcb3,NL,Growth
pay_0000675,2024-10-27T10:21:54Z,1900,usd,failed,2b200b2a,US,Starter
pay_0000676,2024-10-27T10:43:54Z,1900,usd,succeeded,2b200b2a,US,Starter
pay_0000535,2024-10-27T10:55:46Z,4998,usd,failed,fd9ee876,DE,Growth
pay_0000536,2024-10-27T11:01:46Z,4998,usd,succeeded,fd9ee876,DE,Growth
pay_0001019,2024-10-27T12:27:14Z,9702,gbp,succeeded,d872797a,US,Scale
pay_0000847,2024-10-27T12:58:44Z,9702,brl,succeeded,b5357c5b,US,Scale
pay_0000140,2024-10-28T07:42:49Z,4998,eur,failed,807517be,US,Growth
pay_0000207,2024-10-28T08:10:40Z,1900,usd,pending,da462dd7,ES,Starter
pay_0000090,2024-10-28T08:30:58Z,9900,usd,succeeded,cb9352c9,GB,Scale
pay_0000453,2024-10-28T09:08:59Z,1938,usd,succeeded,d255fb7b,US,Starter
pay_0000165,2024-10-28T09:10:50Z,1862,usd,succeeded,bc3d3a0c,DE,Starter
pay_0000414,2024-10-28T09:26:53Z,21492,eur,succeeded,b2ec789e,US,Enterprise
pay_0001045,2024-10-28T09:48:11Z,4998,gbp,succeeded,b6c4a975,US,Growth
pay_0000088,2024-10-28T10:37:20Z,1862,eur,succeeded,6e8ba46a,FR,Starter
pay_0000844,2024-10-28T11:43:04Z,132498,usd,succeeded,d13cd74a,US,Annual
pay_0000029,2024-10-29T08:04:21Z,4802,usd,succeeded,ca0d4388,GB,Growth
pay_0000668,2024-10-29T08:33:49Z,4998,eur,succeeded,91d97596,IN,Growth
pay_0000598,2024-10-29T09:03:14Z,1862,eur,succeeded,2158630d,AU,Starter
pay_0000233,2024-10-29T09:18:24Z,4900,eur,succeeded,b195481e,GB,Growth
pay_0000152,2024-10-29T11:09:52Z,4802,usd,succeeded,ce7526cb,US,Growth
pay_0000228,2024-10-29T12:22:25Z,4998,usd,succeeded,a37fe53f,US,Growth
pay_0001039,2024-10-29T12:46:10Z,1862,usd,succeeded,758f0803,GB,Starter
pay_0000764,2024-10-30T08:17:49Z,4802,usd,failed,e2ab3c15,GB,Growth
pay_0000005,2024-10-30T10:06:18Z,132498,eur,succeeded,49e8482b,CA,Annual
pay_0000403,2024-10-30T11:19:32Z,127302,usd,succeeded,8732f622,AU,Annual
pay_0000334,2024-10-30T11:54:12Z,4802,usd,succeeded,3f20319f,US,Growth
pay_0000497,2024-10-30T12:07:01Z,4998,usd,succeeded,d4fdbd79,CA,Growth
pay_0000796,2024-10-30T12:24:40Z,1862,eur,succeeded,65dc8c06,GB,Starter
pay_0000372,2024-10-30T12:57:30Z,1900,usd,succeeded,edce6296,GB,Starter
pay_0000524,2024-10-31T07:32:25Z,23084,usd,succeeded,f974c411,IN,Enterprise
pay_0000103,2024-10-31T07:36:25Z,1862,usd,succeeded,705a51d6,DE,Starter
pay_0000046,2024-10-31T08:36:08Z,4998,eur,succeeded,7e76b2e7,GB,Growth
pay_0000443,2024-10-31T09:59:47Z,9702,usd,succeeded,18ee1b1d,FR,Scale
pay_0000329,2024-10-31T10:21:12Z,9702,gbp,succeeded,1681bbfe,GB,Scale
pay_0000394,2024-10-31T10:25:43Z,9900,usd,succeeded,4c315025,DE,Scale
pay_0000672,2024-10-31T10:26:49Z,4802,aud,succeeded,d639ff3b,BR,Growth
pay_0000913,2024-10-31T10:56:20Z,4900,eur,succeeded,2a9300f1,US,Growth
pay_0000028,2024-10-31T11:49:12Z,1862,usd,failed,53ae41e1,ES,Starter
pay_0000633,2024-11-01T07:37:17Z,1938,usd,succeeded,5fef127e,US,Starter
pay_0000229,2024-11-01T08:04:49Z,4998,usd,succeeded,a37fe53f,US,Growth
pay_0000519,2024-11-01T08:27:12Z,9900,gbp,succeeded,798e8792,CA,Scale
pay_0000761,2024-11-01T12:02:58Z,9900,eur,succeeded,2d31c44a,US,Scale
pay_0000500,2024-11-01T12:11:03Z,4900,usd,succeeded,c0c0516b,FR,Growth
pay_0000383,2024-11-01T12:33:24Z,1862,usd,succeeded,e92ee489,US,Starter
pay_0000587,2024-11-02T10:04:24Z,1938,usd,succeeded,dae4e6b7,CA,Starter
pay_0000289,2024-11-02T10:08:18Z,9900,usd,succeeded,ea12d5b0,US,Scale
pay_0000599,2024-11-02T11:25:13Z,1900,eur,succeeded,2158630d,AU,Starter
pay_0000305,2024-11-03T07:29:23Z,4802,eur,succeeded,4d56d0b1,US,Growth
pay_0000410,2024-11-03T08:36:31Z,9900,usd,succeeded,2fe7f588,FR,Scale
pay_0000887,2024-11-03T08:49:28Z,4802,usd,failed,4476eb67,GB,Growth
pay_0000888,2024-11-03T09:11:28Z,4802,usd,succeeded,4476eb67,GB,Growth
pay_0000099,2024-11-03T09:37:19Z,9900,usd,succeeded,6665fff7,NL,Scale
pay_0000190,2024-11-03T10:56:51Z,4802,eur,failed,67318bca,DE,Growth
pay_0000395,2024-11-03T11:11:34Z,9702,usd,succeeded,4c315025,DE,Scale
pay_0000555,2024-11-03T11:43:58Z,4998,usd,succeeded,d53bab87,US,Growth
pay_0000797,2024-11-03T11:58:05Z,1938,eur,succeeded,65dc8c06,GB,Starter
pay_0000869,2024-11-03T12:03:25Z,9702,usd,succeeded,9e471533,NL,Scale
pay_0000370,2024-11-03T12:58:09Z,127302,eur,succeeded,f37fbef5,US,Annual
pay_0000932,2024-11-04T07:01:37Z,1938,eur,succeeded,a7d0eb22,US,Starter
pay_0000127,2024-11-04T07:49:55Z,9900,eur,succeeded,ca9a8328,US,Scale
pay_0001012,2024-11-04T08:35:26Z,1938,usd,succeeded,fbd9924c,GB,Starter
pay_0000484,2024-11-04T08:37:18Z,1900,usd,failed,dfb10f3d,US,Starter
pay_0000488,2024-11-04T10:19:53Z,4802,usd,succeeded,c992e5de,US,Growth
pay_0000347,2024-11-04T10:42:33Z,9702,usd,failed,c3f25782,BR,Scale
pay_0000647,2024-11-04T12:06:49Z,4802,eur,failed,696e890d,FR,Growth
pay_0000976,2024-11-05T07:24:44Z,1900,usd,succeeded,09ccd989,GB,Starter
pay_0000748,2024-11-05T07:25:09Z,1862,usd,succeeded,2c9f33b4,AU,Starter
pay_0000212,2024-11-05T07:50:44Z,4998,eur,failed,ae6bc9ab,US,Growth
pay_0000786,2024-11-05T07:59:24Z,4900,eur,succeeded,746c022b,DE,Growth
pay_0000133,2024-11-05T08:09:17Z,9702,eur,succeeded,8d528e64,US,Scale
pay_0000983,2024-11-05T09:14:59Z,9702,usd,succeeded,8714f82a,AU,Scale
pay_0000205,2024-11-05T09:38:00Z,23084,cad,succeeded,8006fbb6,US,Enterprise
pay_0000044,2024-11-05T09:41:07Z,10098,gbp,failed,b3857a46,FR,Scale
pay_0000365,2024-11-05T10:12:47Z,1862,usd,succeeded,b24a1d83,FR,Starter
pay_0000778,2024-11-05T11:06:25Z,1900,gbp,succeeded,ce86e4c4,US,Starter
pay_0000392,2024-11-05T11:28:38Z,1900,usd,succeeded,a1338406,GB,Starter
pay_0000283,2024-11-05T11:52:58Z,21492,usd,succeeded,43cca109,US,Enterprise
pay_0001010,2024-11-06T07:01:11Z,23084,usd,succeeded,3c8ba907,US,Enterprise
pay_0000821,2024-11-06T07:22:50Z,9900,usd,succeeded,54262aba,NL,Scale
pay_0000387,2024-11-06T08:30:26Z,4998,usd,succeeded,45c554a7,US,Growth
pay_0000810,2024-11-06T08:35:29Z,1862,brl,succeeded,bb95109d,US,Starter
pay_0000461,2024-11-06T08:47:33Z,4900,usd,succeeded,a758ee4d,IN,Growth
pay_0000997,2024-11-06T10:46:21Z,1938,usd,succeeded,b0fcdb68,GB,Starter
pay_0000010,2024-11-06T10:59:40Z,9900,usd,succeeded,1331e71a,IN,Scale
pay_0000546,2024-11-06T11:33:43Z,4900,jpy,succeeded,48e7888a,US,Growth
pay_0000254,2024-11-06T12:49:36Z,132498,usd,succeeded,9ff11085,US,Annual
pay_0000279,2024-11-06T12:53:22Z,1862,brl,succeeded,97e848dd,CA,Starter
pay_0000544,2024-11-07T07:07:49Z,4998,usd,succeeded,a14efa9b,US,Growth
pay_0000352,2024-11-07T08:03:41Z,9702,usd,succeeded,6c0137d3,US,Scale
pay_0000435,2024-11-07T08:21:38Z,1900,usd,succeeded,47d96dbe,NL,Starter
pay_0000475,2024-11-07T09:54:59Z,1862,aud,succeeded,34102618,US,Starter
pay_0000373,2024-11-07T10:43:34Z,1900,usd,succeeded,edce6296,GB,Starter
pay_0000669,2024-11-07T12:11:05Z,4802,eur,succeeded,91d97596,IN,Growth
pay_0000989,2024-11-07T12:34:58Z,10098,brl,succeeded,322eec3b,CA,Scale
pay_0000317,2024-11-07T12:42:27Z,4998,usd,succeeded,b119260b,ES,Growth
pay_0000047,2024-11-08T07:00:54Z,4900,eur,pending,7e76b2e7,GB,Growth
pay_0000122,2024-11-08T10:52:15Z,1900,usd,succeeded,159abe5f,FR,Starter
pay_0000736,2024-11-08T11:16:55Z,4802,eur,succeeded,659fc074,US,Growth
pay_0000361,2024-11-08T11:38:59Z,1862,usd,succeeded,19559f32,FR,Starter
pay_0000250,2024-11-08T12:07:11Z,23084,eur,succeeded,713051cc,US,Enterprise
pay_0000234,2024-11-09T07:35:15Z,4802,eur,succeeded,b195481e,GB,Growth
pay_0000602,2024-11-09T07:59:06Z,10098,eur,succeeded,2c845594,ES,Scale
pay_0000241,2024-11-09T10:04:57Z,1900,usd,succeeded,bef30af3,IN,Starter
pay_0000606,2024-11-09T11:37:42Z,4998,usd,failed,7cf0c700,NL,Growth
pay_0000400,2024-11-09T12:12:16Z,1938,usd,failed,c04a3b73,AU,Starter
pay_0001034,2024-11-09T12:18:18Z,1862,usd,succeeded,1b97e258,DE,Starter
pay_0000208,2024-11-09T12:19:20Z,1862,usd,succeeded,da462dd7,ES,Starter
pay_0000330,2024-11-09T12:48:54Z,10098,gbp,succeeded,1681bbfe,GB,Scale
pay_0000019,2024-11-09T12:52:27Z,4802,usd,succeeded,a4032ac4,JP,Growth
pay_0000765,2024-11-09T12:58:51Z,4998,usd,succeeded,e2ab3c15,GB,Growth
pay_0000141,2024-11-10T07:52:48Z,4900,eur,pending,807517be,US,Growth
pay_0000769,2024-11-10T08:19:04Z,10098,usd,succeeded,d8eed59c,US,Scale
pay_0000959,2024-11-10T09:51:00Z,9900,eur,succeeded,99aa8e1a,DE,Scale
pay_0000972,2024-11-10T10:08:12Z,1900,usd,succeeded,b0130e30,US,Starter
pay_0000820,2024-11-10T10:37:49Z,4802,usd,pending,3880724b,FR,Growth
pay_0000172,2024-11-10T11:16:12Z,129900,cad,succeeded,ce24f96f,US,Annual
pay_0000429,2024-11-10T11:46:08Z,9702,usd,pending,a7200659,DE,Scale
pay_0000896,2024-11-11T07:22:55Z,1900,usd,succeeded,59b71de0,US,Starter
pay_0000882,2024-11-11T11:12:04Z,4998,eur,succeeded,5196342c,ES,Growth
pay_0000910,2024-11-11T11:22:09Z,1862,eur,succeeded,d6b71b98,US,Starter
pay_0000420,2024-11-11T11:32:30Z,1862,usd,failed,b17f353a,US,Starter
pay_0000659,2024-11-11T11:42:37Z,23084,usd,succeeded,8d39f789,DE,Enterprise
pay_0000376,2024-11-11T11:44:52Z,10098,gbp,succeeded,7eeff9b7,US,Scale
pay_0000621,2024-11-11T12:03:38Z,10098,usd,succeeded,fa867c8b,GB,Scale
pay_0000053,2024-11-12T07:38:32Z,10098,usd,succeeded,8b95fbac,DE,Scale
pay_0000415,2024-11-12T08:52:45Z,23084,eur,pending,b2ec789e,US,Enterprise
pay_0000919,2024-11-12T09:25:12Z,4802,usd,succeeded,c71eb2b5,US,Growth
pay_0000149,2024-11-12T11:38:12Z,23084,cad,succeeded,74fbd540,JP,Enterprise
pay_0000927,2024-11-12T12:36:39Z,4802,usd,succeeded,e0e83073,CA,Growth
pay_0000117,2024-11-12T12:58:52Z,4900,usd,succeeded,f594d81d,US,Growth
pay_0000217,2024-11-13T07:03:35Z,9900,usd,succeeded,77b5689a,GB,Scale
pay_0000080,2024-11-13T07:57:03Z,1862,usd,succeeded,2c6431d4,ES,Starter
pay_0000825,2024-11-13T09:35:57Z,1938,usd,succeeded,49c6fbd9,GB,Starter
pay_0000851,2024-11-13T11:05:05Z,4998,usd,succeeded,d0aa46b4,US,Growth
pay_0000848,2024-11-13T11:29:12Z,9702,brl,succeeded,b5357c5b,US,Scale
pay_0000335,2024-11-13T12:00:38Z,4900,usd,succeeded,3f20319f,US,Growth
pay_0000531,2024-11-13T12:31:55Z,19900,usd,succeeded,8aae1197,AU,Enterprise
pay_0000683,2024-11-13T12:32:41Z,1862,eur,succeeded,add7ec89,DE,Starter
pay_0000956,2024-11-13T12:41:08Z,129900,usd,succeeded,d060ef2b,US,Annual
pay_0000728,2024-11-14T07:09:50Z,10098,usd,succeeded,2f083bb8,AU,Scale
pay_0000707,2024-11-14T07:10:57Z,4802,usd,succeeded,76f32583,IN,Growth
pay_0000166,2024-11-14T07:36:23Z,1938,usd,succeeded,bc3d3a0c,DE,Starter
pay_0000467,2024-11-14T08:45:32Z,10098,cad,succeeded,5bddd7ae,NL,Scale
pay_0000615,2024-11-14T11:11:14Z,4900,eur,succeeded,b938a1fa,GB,Growth
pay_0000966,2024-11-14T11:55:34Z,1862,brl,failed,97354e6e,BR,Starter
pay_0001030,2024-11-14T12:26:27Z,4900,eur,succeeded,b5fdfeb1,GB,Growth
pay_0000129,2024-11-15T08:22:29Z,4802,usd,succeeded,5fdfbf81,FR,Growth
pay_0000784,2024-11-15T10:00:21Z,1862,usd,succeeded,3db5a11a,AU,Starter
pay_0000195,2024-11-15T10:02:52Z,1900,usd,succeeded,6b9f9f50,JP,Starter
pay_0000697,2024-11-15T10:38:45Z,1900,usd,succeeded,3b40616e,US,Starter
pay_0000914,2024-11-15T12:50:37Z,4900,eur,succeeded,2a9300f1,US,Growth
pay_0000808,2024-11-16T07:54:31Z,4998,usd,succeeded,ea80633e,NL,Growth
pay_0000480,2024-11-16T07:56:33Z,4998,gbp,succeeded,627fb304,ES,Growth
pay_0000153,2024-11-16T07:57:29Z,4998,usd,failed,ce7526cb,US,Growth
pay_0000463,2024-11-16T08:12:40Z,9702,usd,succeeded,4fbd74d4,GB,Scale
pay_0000072,2024-11-16T09:25:39Z,10098,usd,pending,388494ae,DE,Scale
pay_0000337,2024-11-16T10:10:03Z,4802,usd,succeeded,f7a488a4,JP,Growth
pay_0000745,2024-11-16T10:33:58Z,1862,usd,succeeded,e945af2d,ES,Starter
pay_0000258,2024-11-16T10:41:48Z,1900,usd,succeeded,b1e26887,DE,Starter
pay_0000264,2024-11-17T07:43:19Z,4998,usd,succeeded,26539ae8,FR,Growth
pay_0000235,2024-11-17T08:02:19Z,132498,cad,succeeded,22b9827d,AU,Annual
pay_0000223,2024-11-17T08:03:23Z,4998,usd,succeeded,812a30a0,US,Growth
pay_0000089,2024-11-17T08:07:42Z,1938,eur,succeeded,6e8ba46a,FR,Starter
pay_0001005,2024-11-17T11:10:55Z,4998,eur,succeeded,97f9d866,FR,Growth
pay_0000444,2024-11-17T12:17:39Z,9702,usd,succeeded,18ee1b1d,FR,Scale
pay_0000325,2024-11-17T12:49:57Z,10098,aud,succeeded,95197699,NL,Scale
pay_0000525,2024-11-18T08:15:23Z,19900,usd,succeeded,f974c411,IN,Enterprise
pay_0000437,2024-11-18T10:24:12Z,1862,usd,succeeded,38f4015f,US,Starter
pay_0000408,2024-11-18T10:52:14Z,4998,usd,succeeded,b988f3e1,DE,Growth
pay_0000030,2024-11-18T12:12:16Z,4998,usd,succeeded,ca0d4388,GB,Growth
pay_0000877,2024-11-19T08:04:56Z,4802,brl,succeeded,3ebd6de5,US,Growth
pay_0000504,2024-11-19T08:32:29Z,1900,usd,succeeded,aeef3eac,US,Starter
pay_0000712,2024-11-19T09:18:14Z,1938,usd,succeeded,ddfea732,JP,Starter
pay_0000716,2024-11-19T10:00:17Z,1938,usd,succeeded,939edbd5,IN,Starter
pay_0000244,2024-11-19T10:52:52Z,1938,usd,succeeded,85dbc5a2,ES,Starter
pay_0000310,2024-11-19T12:14:43Z,4900,eur,succeeded,b2f0b458,FR,Growth
pay_0000320,2024-11-20T08:18:59Z,4802,eur,succeeded,33837080,ES,Growth
pay_0000184,2024-11-20T09:12:30Z,4900,eur,succeeded,234576ad,FR,Growth
pay_0000097,2024-11-20T09:35:23Z,9900,usd,succeeded,8e27ee70,US,Scale
pay_0000111,2024-11-20T09:36:07Z,4802,gbp,succeeded,8e25f23a,US,Growth
pay_0000862,2024-11-20T11:31:24Z,4998,aud,succeeded,44f4f1d1,IN,Growth
pay_0000357,2024-11-20T11:37:36Z,9900,usd,succeeded,f2b91431,US,Scale
pay_0000700,2024-11-20T12:21:31Z,127302,eur,succeeded,8a0c7e0d,US,Annual
pay_0000104,2024-11-20T12:30:17Z,1862,usd,succeeded,705a51d6,DE,Starter
pay_0000775,2024-11-21T07:57:26Z,1900,usd,succeeded,69801dbf,FR,Starter
pay_0000498,2024-11-21T09:49:49Z,4802,eur,succeeded,7cf3d15a,US,Growth
pay_0000091,2024-11-21T09:57:08Z,9900,usd,succeeded,cb9352c9,GB,Scale
pay_0000753,2024-11-21T11:02:48Z,1862,usd,succeeded,942531ef,US,Starter
pay_0000076,2024-11-21T12:06:34Z,1938,gbp,succeeded,83ffab4d,GB,Starter
pay_0000577,2024-11-21T12:30:41Z,1862,usd,succeeded,17d8ec7e,ES,Starter
pay_0000162,2024-11-22T07:23:35Z,4998,gbp,succeeded,f3c931c5,CA,Growth
pay_0000061,2024-11-22T07:51:55Z,4900,gbp,succeeded,599a8e5a,GB,Growth
pay_0000274,2024-11-22T08:22:07Z,127302,usd,succeeded,49ff2553,GB,Annual
pay_0000446,2024-11-22T08:27:53Z,9702,usd,succeeded,cde08a42,DE,Scale
pay_0000594,2024-11-22T08:38:23Z,9702,usd,succeeded,b447e4d8,US,Scale
pay_0000895,2024-11-22T09:57:21Z,4998,aud,succeeded,77a4b2f9,US,Growth
pay_0000178,2024-11-22T12:51:16Z,10098,usd,succeeded,669efb34,CA,Scale
pay_0000006,2024-11-22T12:52:39Z,129900,eur,succeeded,49e8482b,CA,Annual
pay_0000739,2024-11-23T07:28:41Z,4900,usd,succeeded,a97145ed,AU,Growth
pay_0001002,2024-11-23T07:35:10Z,1900,usd,failed,fb8836c1,ES,Starter
pay_0000792,2024-11-23T08:26:27Z,132498,eur,succeeded,8719d539,US,Annual
pay_0000063,2024-11-23T09:43:37Z,1900,usd,succeeded,9d670e6b,BR,Starter
pay_0001020,2024-11-23T10:41:12Z,10098,gbp,succeeded,d872797a,US,Scale
pay_0000650,2024-11-23T12:27:31Z,4998,usd,succeeded,749a7b94,NL,Growth
pay_0000725,2024-11-24T07:05:03Z,23084,usd,succeeded,2d550717,ES,Enterprise
pay_0000040,2024-11-24T08:19:18Z,4900,gbp,succeeded,697a16c8,ES,Growth
pay_0000610,2024-11-24T09:14:28Z,1862,aud,succeeded,de86cd19,ES,Starter
pay_0000804,2024-11-24T12:40:44Z,4802,usd,succeeded,db9af6df,NL,Growth
pay_0000145,2024-11-25T08:24:48Z,9702,gbp,succeeded,dfbbb059,ES,Scale
pay_0000580,2024-11-25T09:33:18Z,1938,cad,pending,4077621f,US,Starter
pay_0000692,2024-11-25T09:56:53Z,10098,usd,succeeded,c7a69bcf,US,Scale
pay_0000565,2024-11-25T10:07:27Z,1938,usd,succeeded,c5498802,BR,Starter
pay_0000714,2024-11-25T11:04:27Z,19900,gbp,succeeded,0948965c,IN,Enterprise
pay_0000662,2024-11-25T11:19:27Z,4802,usd,succeeded,33802c30,ES,Growth
pay_0000038,2024-11-25T11:42:27Z,4802,usd,succeeded,d846dcb3,NL,Growth
pay_0000366,2024-11-25T11:47:54Z,4998,usd,succeeded,2f847c7c,FR,Growth
pay_0000119,2024-11-25T12:21:51Z,4900,usd,succeeded,24802abe,DE,Growth
pay_0000629,2024-11-25T12:27:15Z,10098,usd,succeeded,0357b1dd,NL,Scale
pay_0001046,2024-11-26T07:57:26Z,4998,gbp,succeeded,b6c4a975,US,Growth
pay_0000135,2024-11-26T08:13:57Z,9702,usd,succeeded,718fab5f,ES,Scale
pay_0000760,2024-11-26T10:14:37Z,19900,jpy,succeeded,112a695b,US,Enterprise
pay_0000509,2024-11-26T10:22:16Z,1938,usd,succeeded,9c167865,US,Starter
pay_0000158,2024-11-26T12:33:06Z,1900,brl,succeeded,ea1adf3a,GB,Starter
pay_0000439,2024-11-27T08:03:48Z,10098,usd,succeeded,54b6e464,US,Scale
pay_0000398,2024-11-27T08:13:01Z,9702,gbp,succeeded,18009a6c,US,Scale
pay_0000830,2024-11-27T09:08:43Z,4900,cad,succeeded,df0720c0,US,Growth
pay_0000754,2024-11-27T09:30:38Z,1938,usd,failed,c1835a0e,NL,Starter
pay_0001024,2024-11-27T09:49:38Z,4900,usd,succeeded,19c0540b,ES,Growth
pay_0000272,2024-11-27T10:28:10Z,4900,usd,succeeded,a1f04502,US,Growth
pay_0000191,2024-11-27T12:01:57Z,4802,gbp,succeeded,4b2a30db,ES,Growth
pay_0000903,2024-11-28T08:10:04Z,1862,usd,succeeded,30ae4143,US,Starter
pay_0000856,2024-11-28T08:18:00Z,1900,usd,succeeded,383044ef,US,Starter
pay_0000537,2024-11-28T08:26:53Z,4900,usd,succeeded,fd9ee876,DE,Growth
pay_0000946,2024-11-28T09:38:42Z,9702,eur,pending,c1d17906,US,Scale
pay_0000688,2024-11-28T09:55:03Z,1938,eur,succeeded,541e2130,CA,Starter
pay_0000034,2024-11-28T09:59:05Z,129900,cad,succeeded,b0a63162,US,Annual
pay_0000560,2024-11-28T10:35:57Z,4900,gbp,succeeded,c34a5385,JP,Growth
pay_0000590,2024-11-28T10:57:05Z,1900,usd,succeeded,49c34f96,ES,Starter
pay_0001043,2024-11-28T12:12:15Z,1862,brl,failed,dc9a89b2,CA,Starter
pay_0000015,2024-11-28T12:27:32Z,1862,usd,failed,be3600fd,GB,Starter
pay_0000550,2024-11-28T12:41:06Z,1862,eur,succeeded,30a9dae6,US,Starter
pay_0000839,2024-11-28T12:59:17Z,4802,usd,succeeded,f7da5da9,US,Growth
pay_0000454,2024-11-29T07:28:39Z,1862,usd,succeeded,d255fb7b,US,Starter
pay_0000003,2024-11-29T07:53:54Z,4998,eur,succeeded,1ca6af20,DE,Growth
pay_0000845,2024-11-29T11:13:46Z,129900,usd,succeeded,d13cd74a,US,Annual
pay_0000890,2024-11-29T12:03:11Z,4802,usd,succeeded,7985b2c6,US,Growth
pay_0000639,2024-11-29T12:42:50Z,1862,usd,succeeded,dc4e5f41,US,Starter
pay_0000942,2024-11-29T12:49:41Z,4802,usd,succeeded,666349a7,US,Growth
pay_0000815,2024-11-30T08:33:54Z,4802,cad,succeeded,f75dd9e4,DE,Growth
pay_0000494,2024-11-30T08:40:58Z,4900,eur,failed,b7102860,US,Growth
pay_0000677,2024-11-30T09:51:29Z,1862,usd,succeeded,2b200b2a,US,Starter
pay_0000168,2024-11-30T10:16:22Z,1900,aud,succeeded,fb83218e,FR,Starter
pay_0000923,2024-11-30T12:09:58Z,19900,eur,failed,348bdcea,FR,Enterprise
pay_0000069,2024-11-30T12:15:57Z,4998,usd,succeeded,a59bc20f,DE,Growth
pay_0000640,2024-12-01T07:33:04Z,1938,usd,succeeded,dc4e5f41,US,Starter
pay_0000206,2024-12-01T08:40:23Z,19900,cad,succeeded,8006fbb6,US,Enterprise
pay_0000526,2024-12-01T09:18:25Z,19900,usd,succeeded,f974c411,IN,Enterprise
pay_0000449,2024-12-01T09:41:58Z,4802,eur,succeeded,eeec95c9,IN,Growth
pay_0000822,2024-12-01T10:03:47Z,9900,usd,succeeded,54262aba,NL,Scale
pay_0000852,2024-12-01T12:12:39Z,4900,usd,succeeded,d0aa46b4,US,Growth
pay_0000557,2024-12-01T12:45:48Z,9900,usd,succeeded,948994cc,IN,Scale
pay_0000230,2024-12-02T07:04:33Z,4998,usd,succeeded,a37fe53f,US,Growth
pay_0000163,2024-12-02T07:26:37Z,4802,gbp,succeeded,f3c931c5,CA,Growth
pay_0000600,2024-12-02T08:31:32Z,1938,eur,succeeded,2158630d,AU,Starter
pay_0000224,2024-12-02T08:44:10Z,4802,usd,succeeded,812a30a0,US,Growth
pay_0000081,2024-12-02T09:43:49Z,1862,usd,succeeded,2c6431d4,ES,Starter
pay_0000581,2024-12-02T10:33:29Z,1938,cad,succeeded,4077621f,US,Starter
pay_0000611,2024-12-02T10:54:42Z,1938,aud,succeeded,de86cd19,ES,Starter
pay_0000998,2024-12-02T12:21:28Z,1900,usd,succeeded,b0fcdb68,GB,Starter
pay_0000756,2024-12-03T08:11:59Z,4802,usd,succeeded,53cf4aa9,DE,Growth
pay_0000362,2024-12-03T08:25:54Z,1862,usd,succeeded,19559f32,FR,Starter
pay_0000445,2024-12-03T09:15:49Z,9702,usd,succeeded,18ee1b1d,FR,Scale
pay_0000120,2024-12-03T11:14:44Z,4998,usd,succeeded,24802abe,DE,Growth
pay_0000595,2024-12-03T11:33:10Z,19900,usd,succeeded,0e3f0a83,US,Enterprise
pay_0000179,2024-12-03T11:43:39Z,9900,usd,failed,669efb34,CA,Scale
pay_0000854,2024-12-03T12:02:31Z,1900,usd,succeeded,658e6d0e,BR,Starter
pay_0000510,2024-12-03T12:22:56Z,1862,usd,succeeded,9c167865,US,Starter
pay_0000776,2024-12-03T12:35:45Z,1938,usd,succeeded,69801dbf,FR,Starter
pay_0000393,2024-12-04T07:16:02Z,1900,usd,succeeded,a1338406,GB,Starter
pay_0000870,2024-12-04T07:49:34Z,9702,usd,succeeded,9e471533,NL,Scale
pay_0000016,2024-12-04T08:25:00Z,1900,usd,succeeded,be3600fd,GB,Starter
pay_0000311,2024-12-04T08:44:18Z,4998,eur,succeeded,b2f0b458,FR,Growth
pay_0000100,2024-12-04T10:53:38Z,9900,usd,failed,6665fff7,NL,Scale
pay_0000101,2024-12-04T11:19:38Z,9900,usd,pending,6665fff7,NL,Scale
pay_0000556,2024-12-04T11:45:30Z,4900,usd,failed,d53bab87,US,Growth
pay_0000256,2024-12-04T12:29:47Z,4998,usd,succeeded,0d5097e6,US,Growth
pay_0000957,2024-12-05T07:05:14Z,127302,usd,succeeded,d060ef2b,US,Annual
pay_0000889,2024-12-05T08:45:11Z,4900,usd,succeeded,4476eb67,GB,Growth
pay_0000933,2024-12-05T09:25:01Z,1938,eur,succeeded,a7d0eb22,US,Starter
pay_0000798,2024-12-05T10:35:22Z,1938,eur,pending,65dc8c06,GB,Starter
pay_0000670,2024-12-05T11:26:31Z,4900,eur,succeeded,91d97596,IN,Growth
pay_0000039,2024-12-05T12:30:19Z,4900,usd,succeeded,d846dcb3,NL,Growth
pay_0000255,2024-12-06T07:24:39Z,129900,usd,succeeded,9ff11085,US,Annual
pay_0000663,2024-12-06T08:55:37Z,4998,usd,failed,33802c30,ES,Growth
pay_0000607,2024-12-06T09:07:02Z,4998,usd,succeeded,7cf0c700,NL,Growth
pay_0000242,2024-12-06T11:12:42Z,1900,usd,succeeded,bef30af3,IN,Starter
pay_0000070,2024-12-06T12:02:20Z,4900,usd,succeeded,a59bc20f,DE,Growth
pay_0000035,2024-12-06T12:13:21Z,132498,cad,succeeded,b0a63162,US,Annual
pay_0000251,2024-12-07T09:40:20Z,21492,eur,succeeded,713051cc,US,Enterprise
pay_0000054,2024-12-07T11:35:52Z,10098,usd,succeeded,8b95fbac,DE,Scale
pay_0000729,2024-12-08T07:01:32Z,9900,usd,succeeded,2f083bb8,AU,Scale
pay_0000440,2024-12-08T09:16:11Z,10098,usd,succeeded,54b6e464,US,Scale
pay_0000713,2024-12-08T10:22:33Z,1862,usd,succeeded,ddfea732,JP,Starter
pay_0000159,2024-12-08T11:32:31Z,1900,brl,pending,ea1adf3a,GB,Starter
pay_0000409,2024-12-09T07:56:22Z,4998,usd,succeeded,b988f3e1,DE,Growth
pay_0000501,2024-12-09T08:25:08Z,4802,usd,failed,c0c0516b,FR,Growth
pay_0000416,2024-12-09T09:52:25Z,19900,eur,succeeded,b2ec789e,US,Enterprise
pay_0000077,2024-12-09T10:59:26Z,1900,gbp,succeeded,83ffab4d,GB,Starter
pay_0000951,2024-12-09T12:05:17Z,1862,usd,succeeded,389e8f6c,GB,Starter
pay_0000031,2024-12-10T07:59:34Z,4998,usd,succeeded,ca0d4388,GB,Growth
pay_0000048,2024-12-10T08:44:57Z,4802,eur,succeeded,7e76b2e7,GB,Growth
pay_0001006,2024-12-10T10:11:57Z,4900,eur,succeeded,97f9d866,FR,Growth
pay_0000438,2024-12-10T10:50:04Z,1900,usd,succeeded,38f4015f,US,Starter
pay_0000904,2024-12-10T11:17:58Z,1862,usd,succeeded,30ae4143,US,Starter
pay_0000185,2024-12-10T11:37:50Z,4998,eur,failed,234576ad,FR,Growth
pay_0000660,2024-12-10T11:58:38Z,23084,usd,succeeded,8d39f789,DE,Enterprise
pay_0000717,2024-12-10T12:42:43Z,1938,usd,succeeded,939edbd5,IN,Starter
pay_0000338,2024-12-10T12:42:52Z,4998,usd,succeeded,f7a488a4,JP,Growth
pay_0000353,2024-12-11T07:12:03Z,9702,usd,succeeded,6c0137d3,US,Scale
pay_0000098,2024-12-11T08:10:49Z,10098,usd,succeeded,8e27ee70,US,Scale
pay_0000388,2024-12-11T09:29:04Z,4802,usd,succeeded,45c554a7,US,Growth
pay_0000793,2024-12-11T09:30:42Z,129900,eur,succeeded,8719d539,US,Annual
pay_0000447,2024-12-11T09:42:03Z,9702,usd,succeeded,cde08a42,DE,Scale
pay_0000209,2024-12-11T09:48:00Z,1900,usd,succeeded,da462dd7,ES,Starter
pay_0000020,2024-12-11T11:18:26Z,4900,usd,succeeded,a4032ac4,JP,Growth
pay_0000476,2024-12-11T11:40:04Z,1900,aud,succeeded,34102618,US,Starter
pay_0000977,2024-12-11T12:21:39Z,1938,usd,succeeded,09ccd989,GB,Starter
pay_0000367,2024-12-11T12:33:50Z,4802,usd,succeeded,2f847c7c,FR,Growth
pay_0000897,2024-12-12T08:35:17Z,1862,usd,succeeded,59b71de0,US,Starter
pay_0000358,2024-12-12T10:20:16Z,9900,usd,failed,f2b91431,US,Scale
pay_0000154,2024-12-12T10:24:20Z,4802,usd,pending,ce7526cb,US,Growth
pay_0000785,2024-12-12T10:35:53Z,1938,usd,succeeded,3db5a11a,AU,Starter
pay_0000891,2024-12-12T11:38:48Z,4900,usd,succeeded,7985b2c6,US,Growth
pay_0000259,2024-12-12T12:42:13Z,1900,usd,succeeded,b1e26887,DE,Starter
pay_0000616,2024-12-13T08:25:11Z,4900,eur,succeeded,b938a1fa,GB,Growth
pay_0000004,2024-12-13T11:25:37Z,4802,eur,succeeded,1ca6af20,DE,Growth
pay_0000021,2024-12-13T11:41:09Z,1900,usd,succeeded,3efc63bf,BR,Starter
pay_0000118,2024-12-13T11:48:20Z,4802,usd,succeeded,f594d81d,US,Growth
pay_0000916,2024-12-13T12:25:41Z,19900,eur,succeeded,365a8a56,BR,Enterprise
pay_0000973,2024-12-14T07:58:41Z,1862,usd,succeeded,b0130e30,US,Starter
pay_0000648,2024-12-14T08:58:01Z,4998,eur,succeeded,696e890d,FR,Growth
pay_0000967,2024-12-14T10:37:51Z,1938,brl,succeeded,97354e6e,BR,Starter
pay_0000960,2024-12-14T10:44:46Z,10098,eur,succeeded,99aa8e1a,DE,Scale
pay_0000805,2024-12-14T11:56:43Z,4802,usd,pending,db9af6df,NL,Growth
pay_0000947,2024-12-14T12:46:50Z,9900,eur,succeeded,c1d17906,US,Scale
pay_0000192,2024-12-15T09:07:35Z,4802,gbp,succeeded,4b2a30db,ES,Growth
pay_0000468,2024-12-15T09:19:43Z,9702,cad,succeeded,5bddd7ae,NL,Scale
pay_0000173,2024-12-15T10:00:57Z,129900,cad,succeeded,ce24f96f,US,Annual
pay_0000920,2024-12-15T10:01:40Z,4998,usd,succeeded,c71eb2b5,US,Growth
pay_0000693,2024-12-15T12:01:19Z,9900,usd,succeeded,c7a69bcf,US,Scale
pay_0000273,2024-12-16T10:08:29Z,4900,usd,succeeded,a1f04502,US,Growth
pay_0000770,2024-12-16T10:56:46Z,9702,usd,succeeded,d8eed59c,US,Scale
pay_0000045,2024-12-17T07:34:39Z,9900,gbp,succeeded,b3857a46,FR,Scale
pay_0000134,2024-12-17T09:22:29Z,10098,eur,succeeded,8d528e64,US,Scale
pay_0000092,2024-12-17T09:23:46Z,9702,usd,succeeded,cb9352c9,GB,Scale
pay_0000849,2024-12-17T09:59:57Z,9702,brl,succeeded,b5357c5b,US,Scale
pay_0000746,2024-12-17T10:59:08Z,1862,usd,succeeded,e945af2d,ES,Starter
pay_0000734,2024-12-18T07:34:31Z,9900,brl,succeeded,1c357d12,US,Scale
pay_0000280,2024-12-18T08:17:44Z,1900,brl,succeeded,97e848dd,CA,Starter
pay_0000455,2024-12-18T08:52:05Z,1862,usd,failed,d255fb7b,US,Starter
pay_0000586,2024-12-18T08:55:33Z,21492,usd,succeeded,8b79697c,FR,Enterprise
pay_0000651,2024-12-18T08:58:04Z,4998,usd,succeeded,b59c0a3b,US,Growth
pay_0000840,2024-12-18T09:26:28Z,4802,usd,succeeded,f7da5da9,US,Growth
pay_0000284,2024-12-18T10:36:53Z,23084,usd,succeeded,43cca109,US,Enterprise
pay_0000136,2024-12-18T11:38:36Z,9900,usd,failed,718fab5f,ES,Scale
pay_0000863,2024-12-18T12:07:18Z,4900,aud,succeeded,44f4f1d1,IN,Growth
pay_0000213,2024-12-18T12:35:30Z,4998,eur,failed,ae6bc9ab,US,Growth
pay_0000520,2024-12-20T09:48:43Z,10098,gbp,succeeded,798e8792,CA,Scale
pay_0000073,2024-12-20T10:16:20Z,9702,usd,succeeded,388494ae,DE,Scale
pay_0000684,2024-12-20T10:20:04Z,1862,eur,succeeded,add7ec89,DE,Starter
pay_0000857,2024-12-20T10:47:09Z,1862,usd,succeeded,383044ef,US,Starter
pay_0001003,2024-12-20T10:52:36Z,1900,usd,succeeded,fb8836c1,ES,Starter
pay_0000331,2024-12-20T11:00:54Z,10098,gbp,pending,1681bbfe,GB,Scale
pay_0000371,2024-12-21T08:17:15Z,127302,eur,succeeded,f37fbef5,US,Annual
pay_0000561,2024-12-21T09:41:45Z,4998,gbp,succeeded,c34a5385,JP,Growth
pay_0000984,2024-12-21T09:56:31Z,10098,usd,pending,8714f82a,AU,Scale
pay_0000106,2024-12-21T10:04:07Z,10098,usd,succeeded,83c6c359,US,Scale
pay_0000737,2024-12-21T10:30:49Z,4998,eur,failed,659fc074,US,Growth
pay_0000738,2024-12-21T10:50:49Z,4998,eur,pending,659fc074,US,Growth
pay_0000831,2024-12-21T11:05:17Z,1900,usd,failed,3be80f47,GB,Starter
pay_0000911,2024-12-21T11:07:13Z,1862,eur,succeeded,d6b71b98,US,Starter
pay_0000698,2024-12-21T12:01:21Z,1938,usd,succeeded,3b40616e,US,Starter
pay_0000062,2024-12-21T12:03:07Z,4998,gbp,succeeded,599a8e5a,GB,Growth
pay_0000578,2024-12-21T12:16:23Z,1938,usd,pending,17d8ec7e,ES,Starter
pay_0001025,2024-12-22T07:38:00Z,4998,usd,succeeded,19c0540b,ES,Growth
pay_0000326,2024-12-22T08:38:34Z,9702,aud,failed,95197699,NL,Scale
pay_0000726,2024-12-22T11:11:26Z,19900,usd,succeeded,2d550717,ES,Enterprise
pay_0000276,2024-12-22T11:17:30Z,19900,usd,pending,d5a27624,FR,Enterprise
pay_0000411,2024-12-22T12:20:23Z,9702,usd,succeeded,2fe7f588,FR,Scale
pay_0000348,2024-12-22T12:40:52Z,10098,usd,succeeded,c3f25782,BR,Scale
pay_0000871,2024-12-22T12:48:38Z,4802,eur,succeeded,76a669e2,BR,Growth
pay_0000150,2024-12-23T07:10:02Z,19900,cad,failed,74fbd540,JP,Enterprise
pay_0000547,2024-12-23T08:47:11Z,4802,jpy,succeeded,48e7888a,US,Growth
pay_0000566,2024-12-23T10:04:24Z,1938,usd,failed,c5498802,BR,Starter
pay_0000678,2024-12-23T10:36:33Z,1862,usd,succeeded,2b200b2a,US,Starter
pay_0000787,2024-12-23T10:56:14Z,4900,eur,succeeded,746c022b,DE,Growth
pay_0000928,2024-12-23T11:35:53Z,4900,usd,succeeded,e0e83073,CA,Growth
pay_0000196,2024-12-23T12:57:57Z,1862,usd,succeeded,6b9f9f50,JP,Starter
pay_0000481,2024-12-24T07:14:56Z,4998,gbp,pending,627fb304,ES,Growth
pay_0000990,2024-12-24T07:16:18Z,9900,brl,succeeded,322eec3b,CA,Scale
pay_0000826,2024-12-24T07:26:37Z,1862,usd,succeeded,49c6fbd9,GB,Starter
pay_0000779,2024-12-24T07:35:49Z,1938,gbp,succeeded,ce86e4c4,US,Starter
pay_0000883,2024-12-24T10:12:40Z,4998,eur,succeeded,5196342c,ES,Growth
pay_0001031,2024-12-24T10:56:03Z,4802,eur,succeeded,b5fdfeb1,GB,Growth
pay_0000007,2024-12-24T12:17:05Z,132498,eur,succeeded,49e8482b,CA,Annual
pay_0000505,2024-12-24T12:53:38Z,1862,usd,succeeded,aeef3eac,US,Starter
pay_0000265,2024-12-25T07:37:58Z,4998,usd,succeeded,26539ae8,FR,Growth
pay_0000275,2024-12-25T07:42:10Z,127302,usd,succeeded,49ff2553,GB,Annual
pay_0000448,2024-12-25T08:25:13Z,4900,brl,succeeded,e3e49a93,DE,Growth
pay_0000218,2024-12-25T08:46:59Z,9702,usd,succeeded,77b5689a,GB,Scale
pay_0000735,2024-12-25T09:27:34Z,1938,usd,succeeded,134df2e3,ES,Starter
pay_0000041,2024-12-25T09:52:46Z,4900,gbp,failed,697a16c8,ES,Growth
pay_0000918,2024-12-25T10:13:37Z,4802,usd,succeeded,0fc9723c,CA,Growth
pay_0000622,2024-12-25T12:04:21Z,10098,usd,succeeded,fa867c8b,GB,Scale
pay_0000915,2024-12-25T12:23:52Z,4900,eur,succeeded,2a9300f1,US,Growth
pay_0000715,2024-12-25T12:41:27Z,19900,gbp,pending,0948965c,IN,Enterprise
pay_0000708,2024-12-26T08:07:08Z,4802,usd,succeeded,76f32583,IN,Growth
pay_0000142,2024-12-26T09:55:38Z,4900,eur,succeeded,807517be,US,Growth
pay_0000465,2024-12-27T07:21:35Z,4998,usd,succeeded,c8f5050f,DE,Growth
pay_0001044,2024-12-27T07:22:58Z,1938,brl,succeeded,dc9a89b2,CA,Starter
pay_0000538,2024-12-27T08:08:02Z,4802,usd,pending,fd9ee876,DE,Growth
pay_0000689,2024-12-27T08:25:03Z,1900,eur,succeeded,541e2130,CA,Starter
pay_0000495,2024-12-27T09:14:34Z,4998,eur,succeeded,b7102860,US,Growth
pay_0000245,2024-12-27T09:38:14Z,1862,usd,succeeded,85dbc5a2,ES,Starter
pay_0000924,2024-12-27T09:57:10Z,19900,eur,succeeded,348bdcea,FR,Enterprise
pay_0001011,2024-12-27T10:27:54Z,21492,usd,succeeded,3c8ba907,US,Enterprise
pay_0000064,2024-12-27T11:24:00Z,1938,usd,succeeded,9d670e6b,BR,Starter
pay_0000401,2024-12-27T11:24:18Z,1938,usd,succeeded,c04a3b73,AU,Starter
pay_0000430,2024-12-27T11:31:49Z,9702,usd,succeeded,a7200659,DE,Scale
pay_0000762,2024-12-27T12:44:34Z,9900,eur,succeeded,2d31c44a,US,Scale
pay_0000846,2024-12-28T07:57:26Z,132498,usd,succeeded,d13cd74a,US,Annual
pay_0001035,2024-12-28T08:23:23Z,1938,usd,failed,1b97e258,DE,Starter
pay_0000011,2024-12-28T08:31:48Z,10098,usd,succeeded,1331e71a,IN,Scale
pay_0000701,2024-12-28T10:39:41Z,132498,eur,succeeded,8a0c7e0d,US,Annual
pay_0000603,2024-12-28T11:39:13Z,10098,eur,succeeded,2c845594,ES,Scale
pay_0001013,2024-12-28T12:13:56Z,1862,usd,succeeded,fbd9924c,GB,Starter
pay_0000878,2024-12-28T12:17:07Z,4900,brl,succeeded,3ebd6de5,US,Growth
pay_0000128,2024-12-28T12:37:54Z,9900,eur,succeeded,ca9a8328,US,Scale
pay_0000545,2024-12-29T08:01:45Z,4998,usd,succeeded,a14efa9b,US,Growth
pay_0000377,2024-12-29T10:06:42Z,9702,gbp,succeeded,7eeff9b7,US,Scale
pay_0000740,2024-12-29T10:27:17Z,4998,usd,succeeded,a97145ed,AU,Growth
pay_0000399,2024-12-29T11:19:50Z,9702,gbp,succeeded,18009a6c,US,Scale
pay_0000462,2024-12-29T11:42:45Z,4802,usd,succeeded,a758ee4d,IN,Growth
pay_0000634,2024-12-30T07:05:45Z,1938,usd,succeeded,5fef127e,US,Starter
pay_0000630,2024-12-30T09:56:04Z,9900,usd,failed,0357b1dd,NL,Scale
pay_0000421,2024-12-30T10:35:36Z,1900,usd,succeeded,b17f353a,US,Starter
pay_0000130,2024-12-30T11:02:04Z,4900,usd,succeeded,5fdfbf81,FR,Growth
pay_0000396,2024-12-30T11:51:14Z,9702,usd,pending,4c315025,DE,Scale
pay_0000992,2024-12-31T09:26:16Z,1862,usd,succeeded,141db3f5,DE,Starter
pay_0000755,2024-12-31T10:41:08Z,1938,usd,succeeded,c1835a0e,NL,Starter
pay_0000799,2024-12-31T10:55:08Z,4900,usd,succeeded,0a6e5ca7,FR,Growth
pay_0000809,2024-12-31T11:43:15Z,4900,usd,succeeded,ea80633e,NL,Growth
pay_0000123,2024-12-31T12:02:26Z,1862,usd,succeeded,159abe5f,FR,Starter
pay_0000464,2024-12-31T12:44:17Z,9702,usd,succeeded,4fbd74d4,GB,Scale
pay_0000169,2024-12-31T12:47:05Z,1900,aud,failed,fb83218e,FR,Starter
